{"type":"FeatureCollection","metadata":{"title":"Natural Earth 1:10m land clipped to the GCBH Hormuz campaign area","source":"Natural Earth public-domain 1:10m land and minor-islands datasets","sourceUrls":["https://raw.githubusercontent.com/nvkelso/natural-earth-vector/master/geojson/ne_10m_land.geojson","https://raw.githubusercontent.com/nvkelso/natural-earth-vector/master/geojson/ne_10m_minor_islands.geojson"],"generatedAt":"2026-08-04T23:49:57.010Z","bounds":{"west":54,"south":23,"east":60.5,"north":28.8}},"features":[{"type":"Feature","properties":{},"geometry":{"type":"Polygon","coordinates":[[[54,23],[54,28.8],[60.5,28.8],[60.5,25.44336949608885],[60.445649,25.428168],[60.428477,25.419623],[60.418956,25.405992],[60.403331,25.388861],[60.395274,25.377875],[60.39503,25.371324],[60.398123,25.364976],[60.402029,25.344672],[60.406912,25.341946],[60.413748,25.341295],[60.424815,25.336371],[60.433442,25.336493],[60.437673,25.33393],[60.441661,25.327582],[60.452207,25.317385],[60.441254,25.318793],[60.441091,25.316596],[60.470063,25.303087],[60.467246,25.290276],[60.455645,25.29279],[60.423523,25.304965],[60.382823,25.320258],[60.362559,25.330552],[60.319223,25.329851],[60.290294,25.351304],[60.299653,25.367255],[60.303966,25.371161],[60.289399,25.377183],[60.271251,25.379584],[60.235037,25.377997],[60.207367,25.373114],[60.201508,25.371161],[60.192556,25.362006],[60.192556,25.356147],[60.195079,25.351223],[60.215974,25.33828],[60.20921,25.319689],[60.181977,25.319892],[60.161876,25.331977],[60.15089,25.335273],[60.11671,25.33983],[60.108897,25.34512],[60.097911,25.35814],[60.082038,25.36595],[60.045325,25.363858],[59.994423,25.35685],[59.940823,25.354911],[59.903806,25.329863],[59.861696,25.343057],[59.819865,25.379201],[59.774873,25.389869],[59.659134,25.383361],[59.613997,25.383777],[59.53799,25.39975],[59.490443,25.443467],[59.453902,25.461607],[59.397288,25.451846],[59.279145,25.434719],[59.251069,25.430732],[59.195323,25.422919],[59.138357,25.398505],[59.117198,25.394192],[59.108735,25.395697],[59.101329,25.402248],[59.094086,25.406399],[59.08546,25.404608],[59.076182,25.400702],[59.066905,25.398505],[59.043956,25.399604],[59.024181,25.403225],[59.007335,25.409735],[58.994314,25.419623],[58.94809,25.486518],[58.923513,25.513373],[58.884451,25.529486],[58.84962,25.528795],[58.840343,25.532904],[58.834158,25.542385],[58.830577,25.552314],[58.825206,25.56037],[58.813731,25.563625],[58.728038,25.563625],[58.546397,25.593655],[58.484141,25.584662],[58.430512,25.587958],[58.411794,25.596015],[58.418956,25.612006],[58.389659,25.610297],[58.357595,25.60456],[58.344086,25.598131],[58.321056,25.580797],[58.305919,25.577297],[58.299001,25.57982],[58.295584,25.583889],[58.290701,25.583726],[58.278982,25.573879],[58.271007,25.568671],[58.260753,25.565741],[58.251964,25.56684],[58.248302,25.573879],[58.242442,25.571438],[58.207286,25.549302],[58.170421,25.544094],[58.137869,25.549791],[58.106212,25.558905],[58.07309,25.563625],[58.046235,25.574937],[58.024181,25.601874],[57.994314,25.659166],[57.963227,25.693183],[57.925304,25.701321],[57.884044,25.691636],[57.843516,25.672838],[57.809418,25.647773],[57.787446,25.635443],[57.771739,25.635565],[57.77589,25.679674],[57.779796,25.691148],[57.782481,25.696112],[57.783051,25.699774],[57.781505,25.707587],[57.771251,25.730455],[57.755626,25.742743],[57.734711,25.747707],[57.709727,25.748521],[57.687185,25.746405],[57.631847,25.734931],[57.61964,25.737006],[57.598806,25.746405],[57.587169,25.748521],[57.575694,25.747504],[57.555837,25.742825],[57.545584,25.741767],[57.520681,25.743557],[57.452485,25.762885],[57.459972,25.769029],[57.326182,25.777004],[57.311534,25.784125],[57.304373,25.79975],[57.298676,25.8487],[57.274425,25.8994],[57.261974,25.939887],[57.253591,25.95897],[57.243663,25.967027],[57.242035,25.970893],[57.219737,25.995022],[57.215343,25.995836],[57.202647,25.993883],[57.198578,25.995022],[57.196788,25.999172],[57.194102,26.010972],[57.180512,26.046861],[57.176524,26.063544],[57.166759,26.082994],[57.164561,26.094916],[57.170909,26.115627],[57.201996,26.146226],[57.212901,26.166246],[57.199229,26.198188],[57.133067,26.263739],[57.138438,26.290432],[57.131033,26.296617],[57.125255,26.341864],[57.118175,26.364325],[57.107107,26.38227],[57.087901,26.398993],[57.083181,26.40648],[57.080333,26.415351],[57.076671,26.438218],[57.076345,26.447455],[57.093435,26.572211],[57.090017,26.618801],[57.024913,26.850979],[57.011241,26.868883],[56.977306,26.895331],[56.96518,26.911119],[56.966482,26.927232],[56.93572,26.945543],[56.925548,26.955146],[56.940115,26.954291],[56.95102,26.958157],[56.961111,26.963853],[56.973318,26.968817],[56.964854,26.975653],[56.963552,26.985053],[56.967052,26.994818],[56.973318,27.002997],[56.942556,26.991116],[56.932384,26.989325],[56.923106,26.9914],[56.917247,26.99608],[56.913097,27.0008],[56.908214,27.002997],[56.903087,27.006415],[56.897797,27.013007],[56.89088,27.017035],[56.871349,27.00845],[56.865489,27.011868],[56.862966,27.020087],[56.863455,27.03026],[56.850597,27.027655],[56.843761,27.032904],[56.844086,27.040229],[56.853526,27.043931],[56.858409,27.047431],[56.875987,27.064399],[56.884613,27.070624],[56.884613,27.07807],[56.855317,27.081692],[56.831391,27.096137],[56.815196,27.117011],[56.808849,27.139553],[56.797211,27.12934],[56.784434,27.125312],[56.757335,27.12523],[56.742361,27.129584],[56.733084,27.139228],[56.725597,27.14883],[56.716075,27.153144],[56.612315,27.154242],[56.589692,27.160631],[56.582856,27.153144],[56.558604,27.165188],[56.528575,27.170722],[56.466156,27.173651],[56.436534,27.17886],[56.384125,27.197496],[56.353038,27.201606],[56.291189,27.198472],[56.259613,27.19123],[56.236583,27.177069],[56.21518,27.167873],[56.150157,27.165351],[56.123709,27.160631],[56.115571,27.155748],[56.098888,27.141018],[56.095551,27.136135],[56.093516,27.125556],[56.088145,27.122219],[56.080414,27.120754],[56.071788,27.115627],[56.054535,27.102607],[55.987315,27.066352],[55.963145,27.048041],[55.962738,27.043931],[55.95753,27.040758],[55.939301,27.026679],[55.928396,27.023424],[55.8838,27.018744],[55.842459,27.009752],[55.831798,27.008734],[55.79835,27.009752],[55.787283,27.007717],[55.772472,26.998277],[55.763682,26.996161],[55.726329,26.996161],[55.694835,27.002753],[55.684825,27.002997],[55.665863,26.995429],[55.632335,26.967515],[55.61964,26.961371],[55.608572,26.953681],[55.554454,26.899888],[55.568858,26.90412],[55.575043,26.907172],[55.582367,26.91356],[55.586436,26.889065],[55.580414,26.859117],[55.568533,26.830797],[55.554454,26.810533],[55.521739,26.784573],[55.48406,26.767524],[55.442231,26.759914],[55.397309,26.762152],[55.316742,26.787095],[55.270844,26.792548],[55.232921,26.776435],[55.221039,26.757392],[55.215587,26.739488],[55.205903,26.726386],[55.181651,26.721177],[55.16212,26.719143],[55.118175,26.707587],[55.103282,26.701321],[55.037934,26.648912],[55.026866,26.642646],[54.930675,26.572659],[54.822032,26.515774],[54.815196,26.510443],[54.80893,26.503852],[54.801524,26.498236],[54.791026,26.495836],[54.778494,26.49787],[54.761567,26.506822],[54.749685,26.508938],[54.663829,26.502021],[54.619965,26.508246],[54.602875,26.530992],[54.590587,26.559963],[54.56129,26.584662],[54.516612,26.592515],[54.425629,26.589342],[54.389415,26.605129],[54.37143,26.630845],[54.356619,26.662828],[54.337738,26.693427],[54.308116,26.714993],[54.286876,26.718655],[54.266856,26.715766],[54.247569,26.710842],[54.171397,26.706122],[54.150401,26.708197],[54.081716,26.726142],[54.064464,26.728583],[54.053722,26.731635],[54.034516,26.745307],[54.026215,26.749091],[54.015798,26.749457],[54,26.746502995645862],[54,24.11110595974791],[54.014334,24.113267],[54.03419,24.122748],[54.055186,24.12641],[54.081554,24.137885],[54.112071,24.141791],[54.122569,24.144721],[54.135427,24.152045],[54.153656,24.165269],[54.170095,24.181098],[54.177094,24.196194],[54.187022,24.203599],[54.252778,24.221096],[54.305919,24.256781],[54.314952,24.258246],[54.323009,24.270657],[54.34197,24.269761],[54.382579,24.254584],[54.390147,24.265855],[54.427257,24.292141],[54.445974,24.316148],[54.485606,24.388332],[54.479991,24.413398],[54.483165,24.425116],[54.499278,24.432685],[54.490001,24.438381],[54.485606,24.439521],[54.485606,24.446967],[54.50115,24.445624],[54.525727,24.435207],[54.540294,24.432685],[54.533946,24.445258],[54.516856,24.462388],[54.513438,24.474311],[54.528331,24.467963],[54.544281,24.463568],[54.558604,24.457709],[54.568126,24.446967],[54.574392,24.446967],[54.5713,24.473334],[54.552501,24.481635],[54.526052,24.482856],[54.499278,24.487942],[54.440684,24.523912],[54.417328,24.528957],[54.417328,24.535102],[54.429373,24.538275],[54.441661,24.545722],[54.451915,24.556545],[54.453624,24.550198],[54.457042,24.541897],[54.465099,24.535102],[54.462413,24.545356],[54.465831,24.554348],[54.47877,24.569892],[54.485606,24.569892],[54.4935,24.542304],[54.512869,24.515286],[54.537446,24.49844],[54.56129,24.501614],[54.555186,24.504584],[54.540294,24.515855],[54.551768,24.515326],[54.573253,24.508979],[54.581798,24.50845],[54.585134,24.511949],[54.593761,24.525824],[54.598888,24.528957],[54.636404,24.597805],[54.619802,24.604315],[54.612153,24.613227],[54.615896,24.621161],[54.632986,24.624498],[54.643403,24.630561],[54.646332,24.644232],[54.65211,24.658393],[54.670584,24.666083],[54.670584,24.672309],[54.661876,24.678127],[54.657725,24.688381],[54.654796,24.700995],[54.650157,24.713853],[54.655528,24.721096],[54.648285,24.725328],[54.640473,24.732611],[54.643321,24.748684],[54.652517,24.758002],[54.691661,24.782172],[54.696544,24.788886],[54.701345,24.798285],[54.707042,24.8039],[54.737804,24.79092],[54.739431,24.789618],[54.754161,24.792426],[54.768565,24.801459],[54.773611,24.814765],[54.76002,24.830552],[54.868826,24.888658],[54.917735,24.920885],[54.94809,24.946438],[54.96811,24.958645],[54.992849,24.96601],[54.994965,24.966661],[54.99936,24.967963],[55.003347,24.969143],[55.00587,24.969916],[55.010753,24.972602],[55.014008,24.974351],[55.015798,24.975328],[55.017996,24.976508],[55.022227,24.978827],[55.049978,24.993394],[55.044607,25.013902],[55.077647,25.02025],[55.082286,25.016832],[55.156912,25.096747],[55.259044,25.215277],[55.264171,25.231187],[55.263357,25.24494],[55.2824,25.260688],[55.29835,25.25849],[55.313324,25.238918],[55.31837,25.225287],[55.31422,25.212063],[55.301117,25.193671],[55.328868,25.201483],[55.334239,25.219224],[55.326508,25.241197],[55.306407,25.275051],[55.303722,25.283026],[55.309255,25.291734],[55.339366,25.321438],[55.348155,25.324774],[55.363292,25.324042],[55.358653,25.336575],[55.359386,25.348578],[55.365489,25.358588],[55.376964,25.364976],[55.387055,25.357082],[55.407237,25.372748],[55.438975,25.412787],[55.44516,25.412787],[55.449555,25.400621],[55.455333,25.399888],[55.461192,25.407375],[55.465668,25.419623],[55.472504,25.412787],[55.486095,25.449937],[55.495616,25.466132],[55.506602,25.47484],[55.494151,25.48078],[55.500499,25.492987],[55.513357,25.508857],[55.520274,25.525702],[55.524669,25.542629],[55.535655,25.562405],[55.551036,25.578599],[55.568126,25.584662],[55.559581,25.568305],[55.548595,25.554877],[55.542247,25.542548],[55.548188,25.529486],[55.563731,25.523749],[55.583344,25.526842],[55.605154,25.532945],[55.626313,25.536322],[55.632579,25.544176],[55.648123,25.583157],[55.656912,25.597724],[55.683442,25.623521],[55.699474,25.634711],[55.733897,25.646796],[55.759532,25.679674],[55.770518,25.687161],[55.779552,25.688422],[55.792247,25.692043],[55.803477,25.697414],[55.80836,25.704169],[55.812836,25.706529],[55.842459,25.713813],[55.878103,25.740058],[55.932465,25.802558],[55.959727,25.823676],[55.953787,25.814602],[55.947439,25.794094],[55.937185,25.776679],[55.941254,25.770697],[55.948497,25.768948],[55.952322,25.772121],[55.954438,25.787095],[55.963715,25.815375],[55.965994,25.834215],[55.972341,25.842841],[56.014415,25.878852],[56.023204,25.889228],[56.030772,25.900865],[56.036876,25.915107],[56.041026,25.933539],[56.03419,25.933539],[56.03061,25.924262],[56.024669,25.916449],[56.016938,25.910468],[56.007579,25.906887],[56.033702,25.946438],[56.055349,25.988756],[56.073253,26.052314],[56.077403,26.061062],[56.077485,26.061347],[56.082042,26.070705],[56.091482,26.106513],[56.157725,26.201077],[56.181814,26.245998],[56.191905,26.255072],[56.208263,26.263088],[56.209158,26.257554],[56.208263,26.244045],[56.2199,26.227729],[56.216807,26.222113],[56.212413,26.207831],[56.2199,26.207831],[56.229503,26.216783],[56.255544,26.218085],[56.260753,26.224595],[56.266856,26.227484],[56.279959,26.22309],[56.29184,26.211859],[56.294932,26.194241],[56.301931,26.205308],[56.308849,26.204739],[56.317393,26.200629],[56.329112,26.201077],[56.356293,26.219143],[56.366954,26.221503],[56.397472,26.213853],[56.404145,26.214748],[56.406912,26.223131],[56.402354,26.232082],[56.394542,26.239163],[56.38738,26.242011],[56.367849,26.244086],[56.355724,26.243394],[56.346853,26.238593],[56.341156,26.232327],[56.331309,26.223456],[56.319591,26.217922],[56.308442,26.221503],[56.308279,26.232611],[56.315929,26.274644],[56.315929,26.290432],[56.345225,26.269232],[56.358409,26.26496],[56.36378,26.279527],[56.35906,26.28734],[56.34783,26.297431],[56.333995,26.306138],[56.322276,26.309638],[56.326508,26.318915],[56.332042,26.320746],[56.338145,26.320705],[56.344005,26.32392],[56.356293,26.337592],[56.361827,26.349514],[56.360525,26.371283],[56.36378,26.385972],[56.369965,26.385972],[56.383637,26.35871],[56.399099,26.367906],[56.404145,26.372301],[56.411632,26.364936],[56.406912,26.357367],[56.406505,26.354804],[56.408702,26.352362],[56.411632,26.345038],[56.421072,26.352118],[56.426931,26.349595],[56.431895,26.342963],[56.438975,26.337592],[56.462169,26.331855],[56.474376,26.330797],[56.487315,26.331366],[56.485199,26.335883],[56.481781,26.347357],[56.479828,26.351874],[56.500987,26.35871],[56.511078,26.333482],[56.508962,26.323717],[56.494965,26.32274],[56.469574,26.32392],[56.45281,26.318345],[56.422862,26.294623],[56.406261,26.284898],[56.407481,26.284857],[56.407237,26.27912],[56.398611,26.268704],[56.420909,26.247626],[56.432302,26.239447],[56.445811,26.235175],[56.454926,26.239325],[56.465343,26.24726],[56.476248,26.249172],[56.487315,26.235175],[56.468761,26.205512],[56.459646,26.202094],[56.453298,26.221503],[56.443044,26.220445],[56.431977,26.221503],[56.435802,26.211615],[56.43686,26.205268],[56.435395,26.200141],[56.431977,26.194241],[56.444591,26.182359],[56.459727,26.174262],[56.472911,26.164008],[56.479828,26.145819],[56.46811,26.145982],[56.457367,26.148424],[56.447765,26.153144],[56.438975,26.160102],[56.424571,26.153795],[56.412446,26.158433],[56.404959,26.1706],[56.404145,26.186754],[56.398285,26.183417],[56.383149,26.176988],[56.377452,26.173733],[56.376964,26.184394],[56.378917,26.192532],[56.383637,26.198065],[56.391124,26.201077],[56.368419,26.204535],[56.343598,26.191392],[56.328787,26.172838],[56.335948,26.160102],[56.330903,26.149319],[56.329763,26.137112],[56.331716,26.124213],[56.335948,26.11164],[56.344737,26.131822],[56.353038,26.142646],[56.36378,26.145819],[56.370128,26.139472],[56.371104,26.127834],[56.368337,26.114895],[56.36378,26.104885],[56.383311,26.09748],[56.472992,26.098619],[56.464366,26.085354],[56.449229,26.073554],[56.418305,26.057074],[56.389171,26.047105],[56.380138,26.038235],[56.383637,26.022284],[56.408865,26.034369],[56.422862,26.023139],[56.42335,26.004625],[56.400401,25.990465],[56.40504,25.980455],[56.418305,25.963935],[56.42213,25.95661],[56.431163,25.952704],[56.453298,25.94717],[56.445486,25.94245],[56.442638,25.939276],[56.438975,25.926093],[56.424164,25.933173],[56.407888,25.937405],[56.393321,25.935858],[56.383637,25.926093],[56.399425,25.90233],[56.392589,25.880439],[56.37615,25.85928],[56.36378,25.837958],[56.362641,25.830634],[56.36378,25.806871],[56.344005,25.789537],[56.327403,25.762397],[56.316254,25.749579],[56.301768,25.741767],[56.301768,25.762885],[56.287934,25.741604],[56.273774,25.709133],[56.266612,25.672593],[56.273774,25.639309],[56.279063,25.627427],[56.300304,25.616156],[56.323253,25.607815],[56.340017,25.60456],[56.347992,25.593085],[56.369965,25.525702],[56.36378,25.433254],[56.365001,25.423163],[56.368337,25.396308],[56.366954,25.388861],[56.359223,25.37641],[56.360199,25.367255],[56.369965,25.351304],[56.374685,25.341213],[56.379161,25.334621],[56.382498,25.32685],[56.382986,25.321275],[56.383637,25.313463],[56.38266,25.302232],[56.378429,25.28262],[56.375255,25.252753],[56.365977,25.209215],[56.362234,25.068264],[56.36199,25.057278],[56.383311,24.978217],[56.405447,24.897284],[56.469574,24.775336],[56.480317,24.765123],[56.486827,24.741848],[56.4935,24.700181],[56.611176,24.496324],[56.63559,24.471381],[56.692149,24.425238],[56.801443,24.302965],[56.82309,24.271145],[56.832286,24.252509],[56.841075,24.223822],[56.939464,24.115912],[57.058279,24.023098],[57.151541,23.953559],[57.184255,23.934272],[57.326345,23.884019],[57.509613,23.839097],[57.586436,23.80744],[57.645193,23.790432],[57.686778,23.783352],[57.709727,23.782213],[57.777354,23.785956],[57.795746,23.782213],[57.824392,23.747626],[57.834972,23.740058],[57.859223,23.734076],[57.887706,23.720852],[57.912771,23.717841],[58.043142,23.724555],[58.086762,23.722113],[58.131602,23.713324],[58.193207,23.689358],[58.210297,23.685981],[58.227387,23.679145],[58.264171,23.644843],[58.2824,23.631415],[58.317231,23.620917],[58.363536,23.615546],[58.411957,23.616197],[58.452973,23.623969],[58.474864,23.631537],[58.483653,23.638129],[58.490896,23.656562],[58.499522,23.656887],[58.518565,23.651923],[58.561371,23.651109],[58.584158,23.646959],[58.604503,23.6376],[58.613292,23.625067],[58.633311,23.585273],[58.6421,23.576809],[58.647146,23.574897],[58.651541,23.570543],[58.655528,23.565741],[58.659028,23.562486],[58.661306,23.563137],[58.66684,23.56391],[58.674001,23.563951],[58.680349,23.562486],[58.694591,23.551418],[58.702403,23.542955],[58.706879,23.535142],[58.714366,23.535142],[58.720551,23.548814],[58.722911,23.543402],[58.724946,23.540107],[58.726817,23.536078],[58.728038,23.528388],[58.734874,23.528388],[58.736013,23.53266],[58.740977,23.54206],[58.746349,23.537665],[58.749522,23.536444],[58.762055,23.54206],[58.786143,23.512112],[58.792979,23.495673],[58.789399,23.480618],[58.797374,23.466783],[58.807628,23.421129],[58.820567,23.40176],[58.879161,23.351264],[58.915212,23.336086],[58.929454,23.318101],[58.946544,23.275092],[58.956228,23.259426],[58.986501,23.232489],[59.00172,23.212388],[59.010102,23.153306],[59.073741,23.093248],[59.077891,23.08515],[59.083669,23.055365],[59.087901,23.048407],[59.09254,23.043647],[59.120453,23.022773],[59.162524830990314,23],[54,23]]]}},{"type":"Feature","properties":{},"geometry":{"type":"MultiPolygon","coordinates":[[[[54.190766,24.22724],[54.180837,24.245063],[54.159353,24.253811],[54.134125,24.260403],[54.112559,24.271674],[54.101573,24.297756],[54.115245,24.318508],[54.136974,24.32689],[54.1421,24.322699],[54.150401,24.315985],[54.175873,24.290147],[54.188324,24.277493],[54.198822,24.253079],[54.190766,24.22724]]],[[[54.036876,26.48843],[54,26.490300478296213],[54,26.557259878870354],[54.018809,26.555569],[54.033051,26.550442],[54.034923,26.546129],[54.035818,26.544013],[54.035818,26.543891],[54.035411,26.534817],[54.035574,26.533718],[54.036469,26.52676],[54.036632,26.526679],[54.043712,26.523179],[54.047944,26.519761],[54.050466,26.517768],[54.051362,26.51203],[54.052419,26.505805],[54.050141,26.499823],[54.048025,26.493842],[54.036876,26.48843]]]]}},{"type":"Feature","properties":{},"geometry":{"type":"MultiPolygon","coordinates":[[[[54.526378,26.309638],[54.533214,26.306789],[54.53891,26.30272],[54.543712,26.297349],[54.547374,26.290432],[54.526378,26.251939],[54.521007,26.250963],[54.509288,26.254218],[54.497569,26.259711],[54.492198,26.26557],[54.490896,26.278713],[54.488536,26.288723],[54.488129,26.298041],[54.492198,26.309638],[54.498383,26.317369],[54.506847,26.321234],[54.516449,26.319403],[54.526378,26.309638]]],[[[56.322276,26.834418],[56.326834,26.86107],[56.341156,26.87934],[56.366547,26.889797],[56.404145,26.893052],[56.40919,26.86225],[56.379161,26.83869],[56.340994,26.827623],[56.322276,26.834418]]],[[[56.472992,27.106024],[56.483572,27.099758],[56.495128,27.095771],[56.504649,27.088935],[56.505138,27.086982],[56.508474,27.074368],[56.504731,27.061672],[56.495291,27.052314],[56.488129,27.04914],[56.481781,27.046332],[56.466156,27.043931],[56.434581,27.054836],[56.43686,27.080024],[56.455414,27.102769],[56.472992,27.106024]]],[[[54.266368,24.294501],[54.257335,24.287746],[54.247813,24.283189],[54.239268,24.281195],[54.228282,24.281399],[54.222179,24.284491],[54.205089,24.302924],[54.192393,24.311103],[54.183116,24.315009],[54.179454,24.321438],[54.184581,24.337063],[54.191905,24.346177],[54.203787,24.353746],[54.218028,24.357978],[54.232432,24.357571],[54.241222,24.340766],[54.25115,24.326565],[54.273448,24.302924],[54.266368,24.294501]]],[[[54.325857,24.373033],[54.335297,24.364],[54.336111,24.350328],[54.32545,24.321275],[54.30893,24.31387],[54.281586,24.357489],[54.279063,24.364447],[54.286143,24.365546],[54.297211,24.36286],[54.306895,24.357245],[54.311371,24.355292],[54.312673,24.359849],[54.309906,24.36518],[54.295177,24.37523],[54.292003,24.384508],[54.304861,24.385932],[54.325857,24.373033]]],[[[54.54656,25.9265],[54.551606,25.917711],[54.553233,25.899848],[54.543224,25.893052],[54.529633,25.895982],[54.513682,25.902655],[54.509776,25.913764],[54.522797,25.920111],[54.54656,25.9265]]],[[[55.894298,26.679429],[55.902029,26.66885],[55.903982,26.64525],[55.889659,26.623765],[55.869314,26.613023],[55.853201,26.621039],[55.855479,26.64411],[55.868337,26.666449],[55.884532,26.67768],[55.894298,26.679429]]],[[[54.211111,25.249416],[54.23113,25.243476],[54.239838,25.208645],[54.22698,25.214219],[54.214285,25.214219],[54.197927,25.232001],[54.211111,25.249416]]]]}},{"type":"Feature","properties":{},"geometry":{"type":"MultiPolygon","coordinates":[[[[54.382579,24.439521],[54.334809,24.453192],[54.334809,24.46898],[54.375336,24.503607],[54.389415,24.522691],[54.396251,24.522691],[54.389415,24.501573],[54.396658,24.483466],[54.414317,24.470608],[54.451427,24.453192],[54.469737,24.436469],[54.470551,24.425035],[54.456716,24.420803],[54.430431,24.425238],[54.382579,24.439521]]],[[[55.048676,25.885769],[55.049897,25.876085],[55.054373,25.86461],[55.046479,25.858385],[55.038259,25.857733],[55.032644,25.854641],[55.023041,25.86286],[55.018403,25.859605],[55.018972,25.865749],[55.015636,25.871853],[55.012055,25.881619],[55.026459,25.888739],[55.043712,25.89289],[55.048676,25.885769]]]]}},{"type":"Feature","properties":{},"geometry":{"type":"Polygon","coordinates":[[[56.212413,27.002997],[56.232107,26.998765],[56.25766,26.988715],[56.273611,26.977769],[56.27947,26.973822],[56.287446,26.955146],[56.271332,26.946967],[56.255219,26.938788],[56.193533,26.924547],[56.171397,26.906806],[56.148692,26.862006],[56.137218,26.844672],[56.095876,26.806871],[56.089366,26.793524],[56.080821,26.785346],[56.042817,26.768134],[56.03419,26.759019],[56.025645,26.754096],[55.97641,26.711575],[55.947032,26.696275],[55.924001,26.705024],[55.902192,26.72484],[55.876638,26.742906],[55.809825,26.712063],[55.79127,26.697903],[55.772716,26.688381],[55.751313,26.688544],[55.705821,26.694525],[55.685557,26.690497],[55.664236,26.681545],[55.610362,26.646918],[55.554454,26.625637],[55.520518,26.603258],[55.50294,26.594875],[55.441173,26.588609],[55.397309,26.577826],[55.378754,26.567288],[55.369477,26.564114],[55.366547,26.564602],[55.361095,26.565619],[55.349783,26.568996],[55.33961,26.568996],[55.335297,26.560452],[55.33074,26.553616],[55.319835,26.548285],[55.307628,26.544908],[55.29835,26.543647],[55.294119,26.546291],[55.290538,26.548489],[55.285411,26.559963],[55.28061,26.584662],[55.287364,26.602281],[55.289236,26.613593],[55.284028,26.618801],[55.273774,26.649807],[55.284679,26.660224],[55.331879,26.645331],[55.342784,26.649807],[55.348969,26.64822],[55.351899,26.647447],[55.404796,26.674018],[55.538422,26.712958],[55.557872,26.714993],[55.570486,26.719387],[55.574067,26.720649],[55.574229,26.720689],[55.620453,26.74608],[55.640391,26.760565],[55.705821,26.783271],[55.716075,26.783922],[55.736827,26.782416],[55.746837,26.783271],[55.754161,26.786078],[55.764496,26.793891],[55.774181,26.796942],[55.771169,26.803656],[55.766775,26.810533],[55.782074,26.826158],[55.785655,26.844957],[55.781016,26.889635],[55.773204,26.906724],[55.756114,26.921332],[55.739431,26.932929],[55.732595,26.940904],[55.757986,26.954047],[55.897716,26.906806],[55.935557,26.914781],[56.041026,26.975653],[56.173188,27.002346],[56.212413,27.002997]]]}},{"type":"Feature","properties":{},"geometry":{"type":"MultiPolygon","coordinates":[[[[55.017996,24.976508],[55.015798,24.975328],[55.014008,24.974351],[55.010753,24.972602],[55.00587,24.969916],[55.003347,24.969143],[54.99936,24.967963],[54.994965,24.966661],[54.992849,24.96601],[54.992931,24.966539],[54.992768,24.967556],[54.992361,24.968288],[54.991303,24.969468],[54.990082,24.970404],[54.98821,24.970974],[54.98585,24.970933],[54.983897,24.970974],[54.981781,24.9713],[54.979503,24.971869],[54.979015,24.971177],[54.978689,24.970811],[54.978608,24.969916],[54.97991,24.969428],[54.98227,24.969021],[54.984223,24.968858],[54.984467,24.969346],[54.984874,24.969224],[54.984874,24.968695],[54.984548,24.968248],[54.984386,24.968085],[54.98406,24.968207],[54.98406,24.968492],[54.981619,24.968614],[54.979421,24.969062],[54.977143,24.969713],[54.972341,24.971137],[54.970063,24.972276],[54.965017,24.975409],[54.962983,24.977078],[54.96225,24.977078],[54.961843,24.977281],[54.961843,24.977525],[54.963227,24.978013],[54.96339,24.977688],[54.963471,24.977281],[54.965261,24.975775],[54.970307,24.972724],[54.972667,24.971584],[54.977224,24.97016],[54.977875,24.97012],[54.977875,24.970526],[54.977957,24.971462],[54.977875,24.971951],[54.976899,24.972276],[54.974539,24.973049],[54.971528,24.974392],[54.968923,24.975775],[54.966319,24.977769],[54.963308,24.980536],[54.962983,24.980943],[54.962738,24.98074],[54.962576,24.981024],[54.962901,24.981309],[54.96225,24.982286],[54.961274,24.983466],[54.959972,24.983059],[54.959321,24.982733],[54.959158,24.982408],[54.959076,24.973904],[54.958751,24.973782],[54.958344,24.974351],[54.958751,24.982733],[54.959076,24.983059],[54.961355,24.983995],[54.961599,24.98428],[54.961843,24.984768],[54.961029,24.986396],[54.960623,24.986396],[54.960216,24.986192],[54.959809,24.986314],[54.958669,24.989366],[54.957856,24.991604],[54.95753,24.994615],[54.957367,24.99787],[54.957937,25.002061],[54.959076,25.005357],[54.960297,25.008124],[54.962494,25.01203],[54.96518,25.015245],[54.967947,25.018419],[54.968435,25.019599],[54.969819,25.022569],[54.971446,25.024359],[54.97462,25.027045],[54.977875,25.028713],[54.98113,25.02969],[54.984467,25.029934],[54.988699,25.029731],[54.990977,25.029324],[54.991547,25.029161],[54.991222,25.027004],[54.990408,25.02676],[54.988617,25.026435],[54.987641,25.025987],[54.987071,25.025133],[54.985606,25.023993],[54.983735,25.023871],[54.980479,25.022813],[54.978201,25.021064],[54.976736,25.019884],[54.975759,25.019232],[54.973318,25.018622],[54.971772,25.018256],[54.969737,25.016669],[54.967133,25.014512],[54.966807,25.014146],[54.966726,25.013617],[54.967296,25.01321],[54.96754,25.012437],[54.966889,25.011461],[54.964366,25.008572],[54.962576,25.004788],[54.961762,25.001695],[54.961355,24.999579],[54.961274,24.997911],[54.961355,24.995225],[54.961925,24.990546],[54.96225,24.989569],[54.963064,24.988227],[54.963227,24.987901],[54.963715,24.988186],[54.963796,24.98782],[54.962169,24.987128],[54.961925,24.986721],[54.963227,24.984971],[54.963552,24.984849],[54.96518,24.985663],[54.965343,24.985663],[54.965505,24.985419],[54.964447,24.984971],[54.965831,24.983303],[54.967621,24.981228],[54.969249,24.979967],[54.973481,24.9772],[54.975678,24.976264],[54.97934,24.975246],[54.983572,24.974514],[54.987071,24.974311],[54.987071,24.975043],[54.987153,24.975246],[54.987315,24.975084],[54.987315,24.972805],[54.987478,24.972439],[54.988292,24.972276],[54.990408,24.971422],[54.991059,24.970974],[54.991547,24.970933],[54.992524,24.971951],[54.992931,24.972032],[54.993582,24.971381],[54.995128,24.969794],[54.996349,24.968288],[54.997895,24.968166],[55.000173,24.968777],[55.001557,24.969062],[55.005138,24.970282],[55.007742,24.97191],[55.007742,24.972602],[55.007742,24.973538],[55.007416,24.974026],[55.006277,24.973944],[55.005056,24.973863],[55.005056,24.975328],[55.003266,24.978217],[54.994965,24.992377],[54.995046,24.992906],[54.996186,24.993476],[54.995453,24.99494],[54.993988,24.993883],[54.992524,24.991767],[54.991303,24.989244],[54.990896,24.987209],[54.990977,24.982367],[54.991303,24.980292],[54.990977,24.980048],[54.989838,24.979885],[54.989594,24.980292],[54.989268,24.983791],[54.989594,24.987616],[54.990652,24.990953],[54.992686,24.993883],[54.993337,24.9949],[54.9935,24.995469],[54.993175,24.995876],[54.992198,24.995795],[54.989919,24.993557],[54.987559,24.989569],[54.986664,24.986274],[54.985932,24.983385],[54.985606,24.980943],[54.984874,24.980455],[54.984223,24.980658],[54.983897,24.981676],[54.984874,24.986151],[54.986746,24.990017],[54.988943,24.993801],[54.991059,24.995836],[54.991873,24.996731],[54.992035,24.997219],[54.991628,24.997626],[54.990896,24.997301],[54.989594,24.996772],[54.98585,24.993801],[54.983246,24.990831],[54.981456,24.987454],[54.980805,24.984646],[54.980479,24.98314],[54.97991,24.982367],[54.979096,24.982611],[54.978689,24.983303],[54.979991,24.987738],[54.9817,24.990546],[54.98406,24.993557],[54.987071,24.995958],[54.989268,24.997707],[54.990896,24.998643],[54.991059,24.999172],[54.990896,24.999783],[54.989594,24.999579],[54.985932,24.998033],[54.983572,24.996365],[54.981619,24.994696],[54.979015,24.991645],[54.977631,24.989081],[54.976817,24.986599],[54.976085,24.985338],[54.975434,24.985256],[54.974783,24.9855],[54.974457,24.986558],[54.976329,24.990831],[54.978608,24.993964],[54.982107,24.997016],[54.98406,24.998521],[54.986176,24.999376],[54.989594,25.000352],[54.989838,25.000678],[54.989838,25.00141],[54.989594,25.001776],[54.988699,25.001695],[54.985606,25.001085],[54.98113,24.99962],[54.97877,24.998196],[54.977061,24.996812],[54.974783,24.994737],[54.972585,24.992051],[54.971772,24.990994],[54.970632,24.990871],[54.970225,24.991319],[54.970225,24.992011],[54.970958,24.993598],[54.972992,24.995592],[54.976492,24.998236],[54.980235,25.000474],[54.983002,25.001695],[54.986746,25.002427],[54.98821,25.00259],[54.988699,25.00259],[54.98878,25.003079],[54.988536,25.003607],[54.988129,25.003933],[54.986013,25.003933],[54.983653,25.003648],[54.979828,25.002956],[54.976085,25.001207],[54.974132,25.000271],[54.971365,24.99787],[54.970307,24.997016],[54.969493,24.996934],[54.969086,24.997463],[54.969168,24.998562],[54.970388,24.999905],[54.973725,25.001776],[54.978201,25.003648],[54.981781,25.004584],[54.985037,25.004828],[54.987153,25.004788],[54.987559,25.004788],[54.987478,25.005439],[54.987153,25.006171],[54.986013,25.006578],[54.983653,25.006985],[54.979828,25.007229],[54.976085,25.006863],[54.973318,25.005642],[54.97226,25.005032],[54.971528,25.005032],[54.971121,25.005683],[54.971528,25.006496],[54.977224,25.008124],[54.980479,25.008328],[54.983653,25.008328],[54.98585,25.007799],[54.986664,25.007636],[54.986746,25.008328],[54.986257,25.009019],[54.984141,25.009589],[54.980479,25.010565],[54.977387,25.010932],[54.975434,25.010728],[54.974946,25.011339],[54.975597,25.012071],[54.977712,25.012071],[54.980479,25.011746],[54.983409,25.011339],[54.984711,25.011013],[54.985606,25.010972],[54.985362,25.011379],[54.985281,25.011746],[54.983165,25.013048],[54.979666,25.014065],[54.97877,25.015001],[54.979177,25.015692],[54.980479,25.015448],[54.983653,25.01378],[54.985606,25.012885],[54.986176,25.013007],[54.986746,25.019395],[54.987315,25.019599],[54.987641,25.019314],[54.987071,25.013007],[54.987071,25.012397],[54.987397,25.012071],[54.987641,25.012274],[54.987804,25.012885],[54.989106,25.015245],[54.990408,25.017808],[54.992361,25.020494],[54.993582,25.020738],[54.99407,25.020535],[54.993988,25.019802],[54.992768,25.018866],[54.991303,25.016872],[54.989594,25.011949],[54.98935,25.010484],[54.989594,25.009996],[54.990164,25.010362],[54.992361,25.014472],[54.993988,25.016262],[54.997162,25.019314],[54.999441,25.020575],[55.000336,25.020738],[55.000662,25.02029],[55.000499,25.019395],[54.998953,25.018419],[54.997325,25.017035],[54.995128,25.015041],[54.993337,25.0126],[54.992035,25.010321],[54.991384,25.008816],[54.991303,25.008124],[54.991791,25.007636],[54.992361,25.007676],[54.994802,25.010972],[54.997895,25.013536],[55.002615,25.016303],[55.005463,25.017401],[55.008311,25.017768],[55.009207,25.017401],[55.009125,25.016262],[55.007742,25.015774],[55.004324,25.015286],[55.000824,25.013617],[54.998139,25.012071],[54.995779,25.010037],[54.993175,25.006659],[54.992524,25.005764],[54.992931,25.005072],[54.993582,25.005235],[54.996755,25.008205],[55.000824,25.01081],[55.004649,25.012519],[55.009369,25.013414],[55.012299,25.013617],[55.01352,25.013495],[55.014008,25.013048],[55.014008,25.012437],[55.01352,25.011746],[55.01238,25.011868],[55.008881,25.011746],[55.00587,25.011379],[55.001638,25.00967],[54.997488,25.007066],[54.99407,25.004299],[54.993826,25.003607],[54.994151,25.003079],[54.994965,25.003038],[54.998627,25.005601],[55.002126,25.006985],[55.004568,25.007717],[55.0088,25.007921],[55.013113,25.007839],[55.016205,25.007148],[55.017019,25.006741],[55.017263,25.00609],[55.017019,25.00552],[55.016287,25.005357],[55.014659,25.005642],[55.012543,25.00609],[55.0088,25.006659],[55.004731,25.006496],[55.002289,25.005764],[54.998953,25.004462],[54.995616,25.002305],[54.995291,25.001858],[54.995616,25.00141],[54.996267,25.001329],[54.998627,25.002183],[55.002126,25.003241],[55.005382,25.003689],[55.008067,25.00373],[55.012055,25.003648],[55.014496,25.00316],[55.016124,25.00259],[55.0171,25.00198],[55.017345,25.001492],[55.017019,25.000841],[55.016287,25.000678],[55.01352,25.001329],[55.009451,25.002427],[55.007009,25.002712],[55.005382,25.00259],[55.002045,25.002183],[54.998627,25.001125],[54.996755,25.000352],[54.996349,24.999905],[54.996755,24.999335],[54.998139,24.999538],[55.000824,24.999864],[55.005951,24.999986],[55.009776,24.999661],[55.012299,24.998847],[55.015798,24.997178],[55.016124,24.99669],[55.016205,24.995795],[55.015473,24.995632],[55.014252,24.995673],[55.011648,24.997219],[55.009207,24.998114],[55.005789,24.998643],[55.00058,24.998562],[54.998383,24.998481],[54.997406,24.997911],[54.997406,24.997585],[54.998546,24.997301],[55.001231,24.997341],[55.003103,24.997178],[55.00587,24.996527],[55.009369,24.995103],[55.012055,24.993638],[55.013438,24.992174],[55.013601,24.99136],[55.013438,24.990871],[55.012543,24.990668],[55.011648,24.991116],[55.008962,24.993435],[55.005789,24.995103],[55.003998,24.995754],[55.001638,24.996202],[54.999034,24.996243],[54.997813,24.996243],[54.997,24.995673],[54.996918,24.995307],[54.997162,24.994289],[54.997732,24.99433],[54.998871,24.994737],[54.999441,24.994737],[55.001313,24.992051],[55.009369,24.978095],[55.01002,24.977484],[55.011404,24.976955],[55.011567,24.976549],[55.011241,24.976142],[55.009613,24.974921],[55.009369,24.974636],[55.009613,24.974229],[55.010753,24.973415],[55.011892,24.974107],[55.013031,24.974677],[55.015961,24.976223],[55.017751,24.97724],[55.01824,24.97838],[55.017833,24.978705],[55.01767,24.981147],[55.017751,24.984687],[55.018077,24.985826],[55.018809,24.98607],[55.019298,24.986314],[55.021495,24.989691],[55.019705,24.990831],[55.02003,24.991197],[55.020763,24.990831],[55.022472,24.993964],[55.023774,24.997097],[55.025076,25.000963],[55.02532,25.004991],[55.024994,25.009141],[55.023774,25.011664],[55.022716,25.013495],[55.022716,25.014065],[55.023774,25.014716],[55.022309,25.01675],[55.021088,25.015937],[55.021088,25.016506],[55.021088,25.017198],[55.018484,25.019436],[55.015636,25.021918],[55.013113,25.023179],[55.011078,25.024563],[55.00766,25.025417],[55.004324,25.026353],[55.000906,25.026435],[54.997,25.026435],[54.994477,25.026435],[54.994314,25.025865],[54.993907,25.025946],[54.99464,25.029812],[55.000092,25.029975],[55.005138,25.029405],[55.009451,25.028388],[55.014659,25.026475],[55.017263,25.024807],[55.022146,25.021064],[55.024343,25.018663],[55.024587,25.018134],[55.023529,25.017605],[55.024994,25.015408],[55.027761,25.016995],[55.028412,25.016954],[55.032237,25.014472],[55.034272,25.013088],[55.036388,25.011583],[55.036388,25.011176],[55.035818,25.011461],[55.034109,25.012885],[55.031993,25.014146],[55.028412,25.016628],[55.027761,25.016628],[55.026215,25.01557],[55.027273,25.013495],[55.028087,25.011461],[55.028901,25.007717],[55.029145,25.003933],[55.028901,25.001207],[55.028494,24.998236],[55.028005,24.997056],[55.028087,24.996894],[55.029959,24.996243],[55.030284,24.996405],[55.030772,24.998725],[55.031261,25.00141],[55.031505,25.005032],[55.031016,25.010403],[55.030121,25.010606],[55.030121,25.010972],[55.031179,25.011583],[55.031586,25.011583],[55.031586,25.011217],[55.031423,25.01081],[55.031505,25.010199],[55.03183,25.004991],[55.031586,25.001085],[55.031179,24.998521],[55.030284,24.995225],[55.027761,24.989814],[55.027843,24.989488],[55.027843,24.989285],[55.026459,24.989163],[55.026541,24.989488],[55.026947,24.989651],[55.027354,24.989814],[55.029796,24.994737],[55.029633,24.995185],[55.028168,24.995673],[55.027599,24.995673],[55.026378,24.992743],[55.024181,24.989163],[55.023041,24.989081],[55.022472,24.989],[55.022227,24.988878],[55.020518,24.986029],[55.020356,24.984036],[55.020356,24.980821],[55.020518,24.979722],[55.021007,24.978583],[55.02003,24.977647],[55.017996,24.976508]]],[[[55.051117,25.035386],[55.043305,25.029934],[55.046397,25.026882],[55.063731,25.039333],[55.062592,25.041897],[55.052664,25.036322],[55.062918,25.042548],[55.065929,25.034613],[55.04656,25.023301],[55.041921,25.029405],[55.051117,25.035386]]],[[[55.146007,25.088202],[55.145518,25.088039],[55.1456,25.088487],[55.145274,25.089342],[55.144786,25.089464],[55.144135,25.090033],[55.144135,25.090806],[55.144542,25.091335],[55.146007,25.092434],[55.147553,25.094184],[55.148692,25.095038],[55.149099,25.09573],[55.149506,25.096055],[55.149587,25.095486],[55.149425,25.094835],[55.149343,25.094184],[55.147797,25.092719],[55.146332,25.090806],[55.146007,25.090155],[55.146007,25.089464],[55.146007,25.088202]]],[[[55.121918,25.096096],[55.122651,25.096055],[55.123383,25.095689],[55.12558,25.094468],[55.127208,25.093899],[55.129893,25.093533],[55.132172,25.093573],[55.135183,25.093736],[55.138357,25.094346],[55.139171,25.094468],[55.139985,25.094021],[55.140636,25.09337],[55.141124,25.092882],[55.141449,25.092882],[55.141856,25.092963],[55.142019,25.093166],[55.1421,25.093411],[55.1421,25.094021],[55.1421,25.094306],[55.141856,25.094387],[55.141856,25.094591],[55.142019,25.094672],[55.142426,25.094265],[55.142507,25.093858],[55.142507,25.093207],[55.142182,25.092882],[55.141368,25.092434],[55.138031,25.091579],[55.134451,25.091213],[55.130707,25.091091],[55.127696,25.091376],[55.125255,25.091864],[55.12379,25.092515],[55.121837,25.093492],[55.120209,25.094794],[55.120128,25.095282],[55.120372,25.096869],[55.12143,25.096259],[55.121918,25.096096]]],[[[55.164561,25.110745],[55.165375,25.11046],[55.165375,25.110093],[55.164724,25.110053],[55.164236,25.109646],[55.163666,25.10928],[55.162852,25.10928],[55.16269,25.108995],[55.161794,25.108791],[55.162283,25.108507],[55.162039,25.107978],[55.161469,25.108181],[55.161143,25.107815],[55.160899,25.107082],[55.160655,25.106228],[55.160411,25.106309],[55.16033,25.106798],[55.15976,25.106757],[55.159434,25.106309],[55.159353,25.105821],[55.158621,25.105577],[55.158214,25.105373],[55.157888,25.105618],[55.158051,25.105943],[55.159028,25.107082],[55.160085,25.108425],[55.161306,25.109524],[55.161469,25.11046],[55.16155,25.11107],[55.162446,25.111192],[55.163585,25.111233],[55.164561,25.110745]]],[[[55.155447,25.0963],[55.154633,25.096503],[55.153901,25.096829],[55.147634,25.101671],[55.145274,25.103217],[55.144786,25.103217],[55.144054,25.103054],[55.143077,25.103135],[55.142507,25.103135],[55.141449,25.103176],[55.14088,25.103502],[55.141043,25.104234],[55.142589,25.106309],[55.142182,25.106798],[55.141694,25.107571],[55.141449,25.108059],[55.14088,25.108629],[55.140636,25.109442],[55.14088,25.109687],[55.14088,25.11046],[55.140554,25.110582],[55.140229,25.110053],[55.13974,25.108425],[55.139334,25.105089],[55.139415,25.102891],[55.13974,25.100938],[55.140473,25.099351],[55.140473,25.098822],[55.139822,25.098456],[55.139008,25.098538],[55.138357,25.100369],[55.138031,25.102688],[55.138357,25.107327],[55.138682,25.109442],[55.139171,25.110663],[55.138845,25.110826],[55.138357,25.110663],[55.137706,25.109076],[55.136567,25.105821],[55.136241,25.10342],[55.136078,25.101426],[55.136404,25.098741],[55.136322,25.097886],[55.135671,25.097602],[55.135102,25.097561],[55.134451,25.098212],[55.134451,25.100491],[55.134858,25.10399],[55.136404,25.108507],[55.137462,25.110216],[55.137869,25.11107],[55.13795,25.111477],[55.137869,25.111599],[55.137462,25.111477],[55.136811,25.110745],[55.135102,25.108791],[55.133311,25.105699],[55.132253,25.103339],[55.131684,25.100979],[55.13144,25.098619],[55.13144,25.097805],[55.131114,25.097398],[55.130544,25.097235],[55.1303,25.097602],[55.130382,25.098009],[55.130382,25.100775],[55.131114,25.103339],[55.131765,25.105048],[55.133149,25.107652],[55.135346,25.110622],[55.136404,25.111762],[55.136811,25.112128],[55.137136,25.112413],[55.136729,25.112698],[55.136404,25.112616],[55.135671,25.112006],[55.132091,25.108995],[55.129893,25.106309],[55.128917,25.104397],[55.12794,25.102078],[55.127696,25.100816],[55.127615,25.098822],[55.127208,25.09809],[55.126475,25.097846],[55.125987,25.098212],[55.125824,25.099189],[55.125987,25.100287],[55.126638,25.102525],[55.127615,25.105089],[55.128835,25.107327],[55.131033,25.109849],[55.135102,25.11282],[55.13559,25.113105],[55.135753,25.113471],[55.13559,25.113674],[55.135346,25.113796],[55.134939,25.113511],[55.132823,25.112616],[55.130056,25.110867],[55.127452,25.108385],[55.125499,25.106309],[55.123871,25.104153],[55.12322,25.102484],[55.122406,25.101996],[55.121755,25.102078],[55.12143,25.102484],[55.121349,25.103339],[55.121918,25.104397],[55.123546,25.106513],[55.126069,25.109117],[55.128917,25.111436],[55.132253,25.113471],[55.134125,25.114122],[55.134369,25.114325],[55.134288,25.114569],[55.133718,25.114651],[55.131684,25.113959],[55.129242,25.113227],[55.126475,25.112006],[55.123871,25.109931],[55.122244,25.108507],[55.121511,25.10814],[55.120697,25.108425],[55.120616,25.109198],[55.121593,25.110297],[55.125336,25.112576],[55.128754,25.114163],[55.132009,25.114895],[55.132579,25.11518],[55.132579,25.115465],[55.132335,25.115871],[55.131684,25.115749],[55.129568,25.115749],[55.127126,25.11522],[55.125255,25.114732],[55.123057,25.113878],[55.122406,25.114244],[55.122406,25.114854],[55.123383,25.115587],[55.126069,25.11636],[55.128591,25.116767],[55.130951,25.116645],[55.13087,25.117296],[55.130544,25.117499],[55.129568,25.117703],[55.128347,25.117703],[55.125987,25.117418],[55.124848,25.117499],[55.12436,25.117987],[55.12436,25.11872],[55.125011,25.118964],[55.126313,25.119045],[55.126801,25.119249],[55.126801,25.119859],[55.12672,25.120185],[55.126394,25.120551],[55.126313,25.121243],[55.126882,25.121772],[55.127533,25.121772],[55.128103,25.121365],[55.128429,25.121324],[55.128835,25.121324],[55.129161,25.121731],[55.128917,25.123603],[55.129487,25.12401],[55.130219,25.123887],[55.130544,25.123033],[55.130382,25.121812],[55.130544,25.120754],[55.130707,25.120266],[55.131521,25.119249],[55.131684,25.11872],[55.131847,25.118557],[55.132172,25.118557],[55.132253,25.118923],[55.132172,25.120022],[55.132091,25.122585],[55.132335,25.125718],[55.132823,25.126288],[55.133393,25.126288],[55.133718,25.125881],[55.133311,25.122504],[55.133393,25.117174],[55.133718,25.116767],[55.134125,25.116767],[55.134288,25.117662],[55.134451,25.120266],[55.135183,25.122748],[55.136322,25.12519],[55.137869,25.127875],[55.138357,25.128689],[55.139171,25.128811],[55.139985,25.128282],[55.140229,25.127712],[55.139659,25.126858],[55.137462,25.124335],[55.136078,25.121609],[55.135671,25.119737],[55.135346,25.116604],[55.135346,25.115871],[55.135346,25.115627],[55.135753,25.115587],[55.135916,25.115749],[55.135997,25.116645],[55.136404,25.117906],[55.137543,25.120103],[55.138682,25.122056],[55.140473,25.124579],[55.142996,25.127265],[55.144542,25.128607],[55.145518,25.128892],[55.146251,25.128567],[55.146332,25.127997],[55.145681,25.127387],[55.143728,25.126288],[55.141856,25.124335],[55.140473,25.122545],[55.138276,25.119534],[55.137055,25.116563],[55.136729,25.115098],[55.136729,25.114732],[55.136892,25.114651],[55.137218,25.114895],[55.138031,25.116441],[55.139415,25.118964],[55.141287,25.120714],[55.14446,25.123236],[55.147553,25.124905],[55.149099,25.125759],[55.150727,25.126207],[55.151378,25.126207],[55.151622,25.125434],[55.151378,25.124905],[55.150564,25.12462],[55.148123,25.123806],[55.14503,25.122097],[55.141856,25.119615],[55.140473,25.117784],[55.137869,25.114366],[55.137869,25.114081],[55.138194,25.113959],[55.138682,25.114163],[55.14088,25.1164],[55.143565,25.11872],[55.146251,25.120388],[55.148774,25.121568],[55.15268,25.122789],[55.153168,25.122341],[55.15325,25.121853],[55.15325,25.121446],[55.15268,25.121161],[55.149425,25.120266],[55.146983,25.119289],[55.144216,25.117784],[55.141449,25.115749],[55.139334,25.113593],[55.139171,25.113227],[55.139171,25.112942],[55.139496,25.112942],[55.140147,25.113308],[55.142019,25.114732],[55.144786,25.116278],[55.148204,25.117296],[55.151541,25.118109],[55.15268,25.118354],[55.153575,25.118272],[55.153901,25.117865],[55.153901,25.117296],[55.153494,25.116848],[55.151622,25.116807],[55.148529,25.116156],[55.145274,25.115098],[55.142182,25.113634],[55.140798,25.112616],[55.14031,25.112047],[55.14031,25.111843],[55.140636,25.111843],[55.141287,25.112209],[55.142914,25.113227],[55.145681,25.114285],[55.147553,25.114529],[55.153168,25.114529],[55.153494,25.11404],[55.153494,25.113511],[55.153168,25.113227],[55.152436,25.113186],[55.148204,25.113227],[55.145518,25.112982],[55.142751,25.112006],[55.1421,25.111477],[55.141856,25.110989],[55.142914,25.110338],[55.143403,25.110297],[55.144216,25.11046],[55.144786,25.110216],[55.145356,25.10989],[55.145518,25.109239],[55.145925,25.109198],[55.146414,25.109198],[55.146658,25.109565],[55.146739,25.110216],[55.148123,25.111762],[55.148692,25.111518],[55.148936,25.110297],[55.149262,25.109076],[55.148285,25.108262],[55.148692,25.107896],[55.150564,25.106431],[55.151378,25.106187],[55.15211,25.106513],[55.15268,25.107082],[55.152761,25.107489],[55.153168,25.107571],[55.153494,25.107611],[55.153819,25.107937],[55.153819,25.108262],[55.153819,25.108507],[55.154063,25.108507],[55.155203,25.10753],[55.155121,25.107327],[55.154959,25.107245],[55.154307,25.107408],[55.153901,25.107367],[55.153901,25.107001],[55.153901,25.106676],[55.153819,25.106513],[55.15325,25.106309],[55.152924,25.105821],[55.152843,25.105496],[55.152924,25.105007],[55.15561,25.103135],[55.157807,25.101223],[55.158621,25.099799],[55.158621,25.099026],[55.158295,25.098456],[55.156749,25.096706],[55.156098,25.096381],[55.155447,25.0963]]],[[[55.155284,25.130316],[55.155528,25.130439],[55.156016,25.130032],[55.158376,25.126736],[55.160167,25.123358],[55.160818,25.119289],[55.160655,25.116156],[55.160411,25.113349],[55.160004,25.112698],[55.159434,25.112291],[55.159028,25.112291],[55.158376,25.112413],[55.157888,25.112779],[55.158132,25.113023],[55.158621,25.112779],[55.159028,25.112616],[55.159434,25.11282],[55.159841,25.113105],[55.160004,25.113511],[55.160004,25.113715],[55.158539,25.114244],[55.158214,25.114569],[55.158376,25.118232],[55.158539,25.121039],[55.158051,25.123155],[55.156749,25.125556],[55.15504,25.128119],[55.153982,25.129096],[55.154145,25.129421],[55.155284,25.130316]]],[[[55.1185,25.096584],[55.118093,25.096544],[55.117035,25.097886],[55.115652,25.09988],[55.114757,25.101833],[55.114187,25.104763],[55.113943,25.109565],[55.114187,25.113023],[55.115082,25.116278],[55.11671,25.119412],[55.118337,25.121568],[55.121349,25.125596],[55.12322,25.127387],[55.125255,25.129055],[55.12794,25.13113],[55.130219,25.132554],[55.134125,25.134182],[55.136404,25.134792],[55.139171,25.135077],[55.143077,25.135118],[55.145681,25.134914],[55.147878,25.134508],[55.149587,25.133897],[55.152924,25.132554],[55.153982,25.131781],[55.153982,25.131374],[55.152761,25.130194],[55.152354,25.130235],[55.150727,25.131293],[55.148204,25.132148],[55.145518,25.132636],[55.141287,25.132799],[55.138601,25.132717],[55.137055,25.13231],[55.13559,25.131578],[55.134288,25.130154],[55.133311,25.129625],[55.132253,25.129747],[55.13144,25.129706],[55.130544,25.129503],[55.128754,25.128079],[55.12558,25.125759],[55.122976,25.122585],[55.120291,25.119534],[55.118988,25.117377],[55.117605,25.114651],[55.116466,25.11168],[55.116466,25.108791],[55.116791,25.105821],[55.117279,25.102688],[55.118175,25.100694],[55.118419,25.100409],[55.118093,25.100124],[55.118744,25.099392],[55.11907,25.098741],[55.118826,25.097561],[55.1185,25.096584]]],[[[55.171153,25.179999],[55.169281,25.179104],[55.166677,25.178656],[55.163748,25.178819],[55.157725,25.178738],[55.156016,25.178534],[55.153982,25.178534],[55.151703,25.178941],[55.149913,25.179755],[55.145518,25.181342],[55.144216,25.181871],[55.142914,25.182807],[55.141368,25.185696],[55.140473,25.187283],[55.140147,25.187812],[55.140473,25.188056],[55.141694,25.186021],[55.143321,25.183173],[55.144379,25.182278],[55.145518,25.181993],[55.150238,25.180243],[55.151622,25.179592],[55.153819,25.179023],[55.155528,25.178941],[55.1574,25.179185],[55.163748,25.179389],[55.166596,25.179185],[55.168875,25.179511],[55.170746,25.180325],[55.171641,25.18122],[55.172211,25.182359],[55.172374,25.183824],[55.172293,25.184678],[55.172374,25.185614],[55.17335,25.185574],[55.17335,25.184068],[55.173106,25.183173],[55.172862,25.182196],[55.171723,25.180528],[55.171153,25.179999]]],[[[55.177419,25.189846],[55.177664,25.190619],[55.178559,25.190701],[55.179291,25.190294],[55.179617,25.189927],[55.179047,25.189683],[55.177419,25.189846]]],[[[55.177419,25.182034],[55.176117,25.181871],[55.175629,25.181627],[55.174978,25.181627],[55.174734,25.182034],[55.177094,25.183254],[55.178152,25.183295],[55.179698,25.183498],[55.181977,25.184556],[55.185069,25.186428],[55.186534,25.187161],[55.187755,25.187364],[55.188487,25.18773],[55.190115,25.188829],[55.190847,25.189561],[55.191173,25.190212],[55.191987,25.190741],[55.192638,25.190741],[55.192963,25.19009],[55.192393,25.189439],[55.19158,25.189276],[55.190684,25.188503],[55.188731,25.187161],[55.187185,25.18651],[55.185313,25.185818],[55.182302,25.184231],[55.179861,25.182969],[55.177826,25.181993],[55.177419,25.182034]]],[[[55.185557,25.188829],[55.184418,25.18891],[55.184174,25.189276],[55.184662,25.190294],[55.186127,25.190823],[55.187022,25.190497],[55.187266,25.189805],[55.187022,25.189195],[55.185802,25.189073],[55.185557,25.188829]]],[[[55.179617,25.190823],[55.178559,25.191067],[55.178233,25.191352],[55.178559,25.191677],[55.17921,25.191799],[55.179861,25.191474],[55.179617,25.190823]]],[[[55.176606,25.190416],[55.17571,25.190619],[55.175466,25.190823],[55.175141,25.191311],[55.175873,25.19184],[55.176687,25.191596],[55.176768,25.190823],[55.176606,25.190416]]],[[[55.175385,25.19241],[55.175385,25.191962],[55.175059,25.191881],[55.174653,25.191962],[55.174164,25.19241],[55.173839,25.193101],[55.174327,25.193508],[55.174978,25.193142],[55.175385,25.19241]]],[[[55.183116,25.187527],[55.182221,25.187161],[55.181651,25.187527],[55.18157,25.188218],[55.181651,25.189561],[55.182221,25.190375],[55.182791,25.191514],[55.182465,25.192735],[55.183035,25.19363],[55.184093,25.193671],[55.186046,25.192898],[55.186697,25.192125],[55.186615,25.191596],[55.184906,25.191433],[55.183442,25.190701],[55.182953,25.189073],[55.183116,25.188178],[55.183116,25.187527]]],[[[55.177664,25.192613],[55.177094,25.192125],[55.176687,25.192328],[55.176199,25.192939],[55.176199,25.193427],[55.176931,25.193752],[55.177664,25.193386],[55.177664,25.192613]]],[[[55.179942,25.19241],[55.179047,25.192491],[55.179047,25.19302],[55.179373,25.193671],[55.180349,25.194078],[55.181,25.193671],[55.180512,25.192939],[55.179942,25.19241]]],[[[55.173595,25.194281],[55.173595,25.193793],[55.173513,25.193549],[55.173106,25.193549],[55.172455,25.193752],[55.171641,25.194281],[55.171641,25.194932],[55.172048,25.195299],[55.173188,25.194932],[55.173595,25.194281]]],[[[55.157563,25.194892],[55.156749,25.194566],[55.156098,25.194892],[55.155772,25.195705],[55.156423,25.195705],[55.156749,25.195868],[55.157237,25.196194],[55.157725,25.196112],[55.157807,25.195461],[55.157563,25.194892]]],[[[55.176117,25.193996],[55.175629,25.193956],[55.175304,25.194241],[55.174571,25.194932],[55.173513,25.195705],[55.173595,25.196194],[55.174327,25.196112],[55.175629,25.195217],[55.176199,25.194485],[55.176117,25.193996]]],[[[55.159028,25.195421],[55.158621,25.195705],[55.158621,25.196234],[55.160085,25.196316],[55.160655,25.196112],[55.160818,25.195502],[55.159028,25.195421]]],[[[55.154063,25.194892],[55.15325,25.194892],[55.15268,25.195136],[55.151622,25.195746],[55.150727,25.196153],[55.150727,25.196519],[55.150971,25.196763],[55.151703,25.196763],[55.152924,25.196194],[55.153819,25.195868],[55.154063,25.195502],[55.154063,25.194892]]],[[[55.16977,25.195136],[55.168956,25.195095],[55.168549,25.195502],[55.168793,25.196031],[55.169444,25.196967],[55.170014,25.196967],[55.170421,25.196519],[55.170502,25.196031],[55.16977,25.195136]]],[[[55.176199,25.196234],[55.175792,25.19599],[55.175141,25.196072],[55.174815,25.196763],[55.175304,25.197252],[55.176199,25.197008],[55.176199,25.196234]]],[[[55.150157,25.196194],[55.149343,25.196357],[55.148367,25.196682],[55.147797,25.197048],[55.147634,25.197618],[55.148285,25.197781],[55.149262,25.197537],[55.150157,25.19717],[55.150564,25.19656],[55.150157,25.196194]]],[[[55.167491,25.196316],[55.166921,25.19599],[55.16627,25.196072],[55.165863,25.196682],[55.165863,25.197089],[55.166677,25.197903],[55.167654,25.197984],[55.168061,25.197781],[55.168142,25.197089],[55.167491,25.196316]]],[[[55.173106,25.197252],[55.172537,25.197089],[55.171967,25.197089],[55.171397,25.197252],[55.17156,25.197943],[55.172048,25.198513],[55.17335,25.198554],[55.174001,25.19835],[55.174246,25.197781],[55.17392,25.197414],[55.173106,25.197252]]],[[[55.153575,25.197537],[55.152924,25.197903],[55.15211,25.197821],[55.15211,25.19831],[55.152436,25.198839],[55.153005,25.198757],[55.153575,25.198228],[55.154145,25.197618],[55.154633,25.197414],[55.154796,25.197089],[55.154714,25.196682],[55.153656,25.197008],[55.153575,25.197537]]],[[[55.151052,25.19835],[55.150727,25.198188],[55.150401,25.198188],[55.150401,25.198635],[55.150727,25.198961],[55.150971,25.198839],[55.151052,25.19835]]],[[[55.157156,25.198106],[55.156668,25.197537],[55.156098,25.197821],[55.155284,25.198269],[55.15504,25.198635],[55.155121,25.199164],[55.155854,25.199408],[55.156749,25.19892],[55.157156,25.198106]]],[[[55.170828,25.198065],[55.170258,25.197821],[55.169688,25.197699],[55.169037,25.198188],[55.168305,25.198676],[55.168305,25.199408],[55.1692,25.199856],[55.170177,25.199368],[55.170177,25.198839],[55.170828,25.198065]]],[[[55.147634,25.19949],[55.147309,25.199001],[55.146495,25.199042],[55.145681,25.19953],[55.145925,25.2001],[55.146658,25.200385],[55.147309,25.200222],[55.147634,25.19949]]],[[[55.172048,25.199327],[55.171153,25.199083],[55.170909,25.199164],[55.170828,25.199571],[55.171235,25.200222],[55.171967,25.200466],[55.172455,25.200263],[55.172699,25.199774],[55.172048,25.199327]]],[[[55.17571,25.198757],[55.175466,25.198106],[55.174978,25.198188],[55.174653,25.198757],[55.174571,25.199327],[55.174164,25.200181],[55.174653,25.200466],[55.175385,25.199856],[55.17571,25.198757]]],[[[55.149587,25.198839],[55.148936,25.198839],[55.148529,25.199205],[55.148692,25.199693],[55.149262,25.200263],[55.14975,25.200792],[55.150401,25.200751],[55.150238,25.200181],[55.149832,25.199774],[55.149587,25.198839]]],[[[55.165782,25.198472],[55.165131,25.198391],[55.164399,25.198839],[55.164317,25.199571],[55.165375,25.200466],[55.165945,25.200792],[55.166596,25.199978],[55.166677,25.199327],[55.165782,25.198472]]],[[[55.151622,25.200181],[55.151296,25.200873],[55.151378,25.201361],[55.152354,25.201402],[55.153168,25.20128],[55.153575,25.200792],[55.153575,25.200222],[55.153005,25.199856],[55.151622,25.200181]]],[[[55.163097,25.2001],[55.162852,25.199978],[55.162446,25.2001],[55.16269,25.200629],[55.163666,25.201402],[55.163992,25.201077],[55.163992,25.20067],[55.163097,25.2001]]],[[[55.16863,25.200222],[55.167979,25.2001],[55.167328,25.2001],[55.166921,25.200548],[55.166921,25.201077],[55.167166,25.201606],[55.167979,25.201606],[55.168793,25.201402],[55.168956,25.200832],[55.16863,25.200222]]],[[[55.157481,25.200344],[55.156993,25.2001],[55.156423,25.200263],[55.155528,25.200914],[55.154796,25.200954],[55.154389,25.201158],[55.154389,25.201687],[55.154633,25.202053],[55.155284,25.202094],[55.155935,25.201972],[55.156342,25.201646],[55.156749,25.201239],[55.157237,25.200995],[55.157481,25.200344]]],[[[55.148692,25.20128],[55.148204,25.200751],[55.147797,25.200792],[55.147309,25.201077],[55.147146,25.201646],[55.147634,25.202257],[55.148367,25.202135],[55.148692,25.20128]]],[[[55.165782,25.201728],[55.165131,25.201728],[55.164887,25.202094],[55.165538,25.202541],[55.166189,25.202541],[55.16627,25.202216],[55.165782,25.201728]]],[[[55.171153,25.201077],[55.170421,25.201077],[55.16977,25.201077],[55.169688,25.201483],[55.16977,25.202053],[55.170746,25.202623],[55.171641,25.202663],[55.171967,25.202297],[55.171967,25.201809],[55.171153,25.201077]]],[[[55.151052,25.202541],[55.151296,25.202053],[55.150727,25.201728],[55.150483,25.201809],[55.14975,25.202419],[55.150238,25.203437],[55.150645,25.203559],[55.151052,25.203233],[55.151052,25.202541]]],[[[55.174164,25.201972],[55.173839,25.201524],[55.173432,25.201524],[55.172374,25.202623],[55.172048,25.203274],[55.172374,25.203599],[55.173025,25.203721],[55.17392,25.202867],[55.174164,25.201972]]],[[[55.153331,25.202745],[55.153168,25.202541],[55.152761,25.202541],[55.152192,25.202867],[55.152029,25.203233],[55.152029,25.203681],[55.152354,25.203884],[55.153168,25.203681],[55.153331,25.203437],[55.153331,25.202745]]],[[[55.15919,25.201687],[55.158539,25.201239],[55.158051,25.201239],[55.157807,25.201606],[55.157725,25.202379],[55.158051,25.202623],[55.158132,25.202948],[55.157888,25.203315],[55.157888,25.20364],[55.158051,25.204169],[55.158539,25.204291],[55.159028,25.204088],[55.15919,25.203477],[55.158621,25.203111],[55.158865,25.202704],[55.15919,25.202541],[55.15919,25.201687]]],[[[55.153982,25.20364],[55.153901,25.204169],[55.154389,25.204332],[55.154796,25.20425],[55.155528,25.204006],[55.15561,25.203437],[55.154959,25.203437],[55.154389,25.203355],[55.153982,25.20364]]],[[[55.147065,25.20303],[55.146495,25.202786],[55.145925,25.202786],[55.1456,25.20364],[55.145844,25.204291],[55.146495,25.204901],[55.147309,25.204861],[55.147553,25.203843],[55.147065,25.20303]]],[[[55.149343,25.203274],[55.148529,25.20303],[55.148285,25.203274],[55.148285,25.203721],[55.148692,25.20425],[55.149099,25.204983],[55.149913,25.205105],[55.150401,25.204861],[55.150076,25.204088],[55.149343,25.203274]]],[[[55.158946,25.204942],[55.158051,25.204942],[55.157237,25.205064],[55.157237,25.205634],[55.157807,25.205675],[55.158051,25.206],[55.158621,25.206122],[55.159272,25.205797],[55.159272,25.20539],[55.158946,25.204942]]],[[[55.156098,25.204901],[55.156016,25.204413],[55.15561,25.204332],[55.155203,25.204657],[55.155121,25.205268],[55.155203,25.205959],[55.15561,25.206244],[55.156098,25.205878],[55.156098,25.204901]]],[[[55.147553,25.205797],[55.146983,25.205797],[55.1456,25.206285],[55.145193,25.206977],[55.145518,25.207343],[55.145925,25.207343],[55.146983,25.20718],[55.147553,25.206407],[55.147553,25.205797]]],[[[55.153575,25.205797],[55.152924,25.205959],[55.152354,25.206529],[55.15268,25.207261],[55.153819,25.207465],[55.154063,25.207424],[55.154389,25.206895],[55.154145,25.206204],[55.153575,25.205797]]],[[[55.150483,25.205959],[55.150157,25.205878],[55.149587,25.206],[55.149099,25.206326],[55.148204,25.207424],[55.148285,25.207994],[55.149343,25.208035],[55.149506,25.207506],[55.14975,25.207099],[55.150564,25.20718],[55.15089,25.206773],[55.150727,25.206488],[55.150483,25.205959]]],[[[55.159272,25.207099],[55.158539,25.207506],[55.158214,25.20775],[55.158051,25.208157],[55.158621,25.208157],[55.15976,25.208157],[55.160167,25.207831],[55.159679,25.207424],[55.159272,25.207099]]],[[[55.17571,25.206936],[55.174734,25.206529],[55.174327,25.206651],[55.174327,25.207668],[55.175059,25.208157],[55.175629,25.208157],[55.175873,25.207587],[55.17571,25.206936]]],[[[55.157074,25.207587],[55.156098,25.207913],[55.155854,25.208319],[55.155447,25.208319],[55.154714,25.208482],[55.154959,25.20897],[55.156423,25.209011],[55.156993,25.208645],[55.157237,25.208116],[55.157074,25.207587]]],[[[55.186046,25.20657],[55.184906,25.206407],[55.18393,25.206773],[55.183116,25.207424],[55.182465,25.207424],[55.182221,25.207831],[55.182221,25.208319],[55.183116,25.209418],[55.183849,25.209215],[55.184093,25.208645],[55.183849,25.207953],[55.184744,25.207424],[55.185802,25.207465],[55.186371,25.20718],[55.186046,25.20657]]],[[[55.150971,25.208075],[55.150483,25.208075],[55.150483,25.208401],[55.150971,25.209011],[55.15211,25.209459],[55.152761,25.209459],[55.153005,25.209215],[55.152924,25.208848],[55.152354,25.208726],[55.151622,25.208686],[55.150971,25.208075]]],[[[55.181326,25.208604],[55.180349,25.208482],[55.179617,25.208523],[55.178884,25.208848],[55.17921,25.209459],[55.180431,25.209296],[55.18157,25.209215],[55.181326,25.208604]]],[[[55.187673,25.208401],[55.187592,25.207953],[55.187266,25.207831],[55.186453,25.207872],[55.186046,25.208401],[55.186046,25.208889],[55.186371,25.20954],[55.186941,25.20954],[55.187673,25.208401]]],[[[55.189464,25.206895],[55.189545,25.206773],[55.188813,25.206285],[55.188162,25.206285],[55.187592,25.206773],[55.187999,25.207668],[55.188406,25.208157],[55.18808,25.208645],[55.187999,25.209215],[55.188162,25.209662],[55.188731,25.209581],[55.188813,25.208889],[55.188975,25.207913],[55.189708,25.207343],[55.189464,25.206895]]],[[[55.146414,25.208401],[55.146007,25.207953],[55.145274,25.20836],[55.14446,25.209215],[55.144705,25.209744],[55.145274,25.209825],[55.146169,25.209011],[55.146414,25.208401]]],[[[55.174571,25.209052],[55.174001,25.208808],[55.173432,25.208808],[55.172699,25.208808],[55.172048,25.209459],[55.172374,25.209947],[55.173188,25.209947],[55.174164,25.209947],[55.174571,25.209052]]],[[[55.177745,25.208889],[55.176768,25.208726],[55.175792,25.209011],[55.176443,25.209662],[55.177094,25.209744],[55.178071,25.209947],[55.178477,25.209459],[55.177745,25.208889]]],[[[55.152192,25.210232],[55.151785,25.209866],[55.151296,25.209988],[55.150971,25.210598],[55.151378,25.211168],[55.15211,25.211086],[55.152436,25.210761],[55.152192,25.210232]]],[[[55.18808,25.210435],[55.187348,25.210028],[55.186534,25.210232],[55.186371,25.210761],[55.18686,25.211371],[55.187755,25.21129],[55.18808,25.210435]]],[[[55.149425,25.209662],[55.148774,25.209459],[55.148204,25.209662],[55.147634,25.21015],[55.147634,25.210598],[55.147878,25.211249],[55.149506,25.211493],[55.150157,25.211168],[55.150157,25.210679],[55.149587,25.210598],[55.149506,25.210191],[55.149425,25.209662]]],[[[55.185557,25.210435],[55.185395,25.209866],[55.185069,25.209459],[55.184581,25.209459],[55.18393,25.210313],[55.184093,25.211086],[55.184988,25.211534],[55.185557,25.21133],[55.185557,25.210435]]],[[[55.146332,25.210273],[55.145518,25.210476],[55.145193,25.210761],[55.145274,25.211493],[55.146169,25.211575],[55.146821,25.211371],[55.146983,25.210761],[55.146332,25.210273]]],[[[55.171397,25.209825],[55.171316,25.209296],[55.171153,25.209011],[55.170421,25.209011],[55.170014,25.209866],[55.16977,25.211046],[55.170502,25.211778],[55.170909,25.211778],[55.170909,25.21072],[55.171397,25.209825]]],[[[55.183442,25.210924],[55.182465,25.210679],[55.181814,25.210964],[55.181488,25.211575],[55.181895,25.212144],[55.182384,25.212388],[55.183197,25.212388],[55.183767,25.211778],[55.183442,25.210924]]],[[[55.176768,25.211453],[55.176606,25.210842],[55.176199,25.210435],[55.175466,25.210435],[55.175059,25.211127],[55.174246,25.21133],[55.173595,25.211127],[55.173106,25.211493],[55.173432,25.212348],[55.174571,25.212429],[55.175141,25.212022],[55.176524,25.212063],[55.176768,25.211453]]],[[[55.180756,25.211656],[55.179942,25.21129],[55.179698,25.211778],[55.179861,25.212266],[55.179942,25.21308],[55.180512,25.213324],[55.181488,25.212917],[55.181488,25.212307],[55.180756,25.211656]]],[[[55.185313,25.213284],[55.185069,25.212388],[55.184744,25.212429],[55.183849,25.212958],[55.183849,25.213568],[55.184255,25.213853],[55.184744,25.213813],[55.185313,25.213284]]],[[[55.187999,25.212226],[55.187592,25.211982],[55.186697,25.212348],[55.186371,25.212714],[55.186209,25.213365],[55.186534,25.213813],[55.187022,25.213975],[55.187999,25.212958],[55.187999,25.212226]]],[[[55.172048,25.212307],[55.17156,25.212063],[55.171072,25.212917],[55.170909,25.213568],[55.172048,25.214097],[55.172781,25.213894],[55.172862,25.213406],[55.173025,25.212917],[55.173188,25.212429],[55.172537,25.212348],[55.172048,25.212307]]],[[[55.200369,25.210598],[55.199474,25.209459],[55.198904,25.209418],[55.198741,25.209947],[55.199067,25.210435],[55.199636,25.211249],[55.200287,25.212226],[55.201345,25.213528],[55.202485,25.214097],[55.202647,25.213609],[55.202566,25.212795],[55.201182,25.211859],[55.200369,25.210598]]],[[[55.178722,25.212633],[55.178233,25.212063],[55.177826,25.212144],[55.177094,25.213039],[55.176687,25.213813],[55.177013,25.214179],[55.177582,25.214179],[55.178477,25.213284],[55.178722,25.212633]]],[[[55.157725,25.212795],[55.156912,25.21247],[55.156098,25.21251],[55.155854,25.213243],[55.155935,25.214423],[55.156586,25.214626],[55.157156,25.214423],[55.1574,25.213772],[55.157725,25.212795]]],[[[55.154959,25.213284],[55.154796,25.212917],[55.154145,25.212917],[55.15325,25.213731],[55.153168,25.214342],[55.153575,25.21483],[55.154145,25.214748],[55.154633,25.214179],[55.154959,25.213284]]],[[[55.168956,25.213568],[55.168142,25.213039],[55.166921,25.21369],[55.167084,25.214586],[55.168468,25.215115],[55.169363,25.214382],[55.168956,25.213568]]],[[[55.191091,25.212999],[55.190847,25.212714],[55.190359,25.212714],[55.189952,25.212714],[55.188813,25.214057],[55.18865,25.21483],[55.188975,25.215115],[55.189626,25.215115],[55.191091,25.212999]]],[[[55.176199,25.214219],[55.175873,25.213568],[55.175629,25.213813],[55.175141,25.21483],[55.175141,25.21544],[55.175955,25.215359],[55.176199,25.214219]]],[[[55.182384,25.213935],[55.181814,25.213568],[55.181,25.214097],[55.180512,25.214667],[55.180675,25.215237],[55.181244,25.215562],[55.181814,25.215155],[55.182384,25.213935]]],[[[55.146495,25.214545],[55.145925,25.214097],[55.1456,25.214057],[55.145681,25.215562],[55.146658,25.215766],[55.146739,25.215196],[55.146495,25.214545]]],[[[55.183604,25.214586],[55.183035,25.214626],[55.182628,25.21483],[55.182384,25.215522],[55.182709,25.215847],[55.18336,25.215847],[55.183767,25.215318],[55.183604,25.214586]]],[[[55.178803,25.21483],[55.178559,25.214219],[55.178152,25.214219],[55.177908,25.214545],[55.177582,25.214993],[55.177826,25.215969],[55.178396,25.215888],[55.178803,25.21483]]],[[[55.151703,25.214952],[55.151296,25.214545],[55.15089,25.214545],[55.150483,25.215115],[55.150483,25.215969],[55.15089,25.216051],[55.151541,25.215847],[55.151703,25.214952]]],[[[55.164317,25.214952],[55.163503,25.215115],[55.162852,25.216051],[55.163097,25.216579],[55.164236,25.216457],[55.164561,25.215603],[55.164317,25.214952]]],[[[55.145112,25.214993],[55.144542,25.214586],[55.144135,25.214545],[55.143972,25.214626],[55.143728,25.215318],[55.143728,25.216132],[55.144135,25.216579],[55.144705,25.216661],[55.145274,25.216539],[55.145356,25.215888],[55.145274,25.215399],[55.145112,25.214993]]],[[[55.152843,25.215888],[55.152761,25.215522],[55.152354,25.21544],[55.151622,25.216295],[55.150971,25.216579],[55.150971,25.217271],[55.151622,25.217312],[55.152436,25.216661],[55.152843,25.215888]]],[[[55.156423,25.216254],[55.156423,25.215644],[55.156342,25.215318],[55.155854,25.215318],[55.155203,25.215888],[55.154714,25.216864],[55.155203,25.217312],[55.155772,25.217231],[55.156423,25.216254]]],[[[55.182628,25.216661],[55.182465,25.216132],[55.18214,25.216132],[55.180756,25.216132],[55.180186,25.216295],[55.180105,25.216946],[55.180675,25.217312],[55.182221,25.217312],[55.182628,25.216661]]],[[[55.149425,25.215766],[55.148367,25.215562],[55.147797,25.215766],[55.147878,25.216661],[55.148529,25.217271],[55.149832,25.217393],[55.14975,25.216579],[55.149425,25.215766]]],[[[55.17571,25.216295],[55.175059,25.216132],[55.174734,25.216132],[55.174571,25.216498],[55.174571,25.216946],[55.175304,25.217393],[55.175873,25.217393],[55.17628,25.217027],[55.17571,25.216295]]],[[[55.169363,25.216295],[55.1692,25.215766],[55.168224,25.215766],[55.167491,25.215806],[55.167003,25.216091],[55.167003,25.216579],[55.167166,25.217271],[55.168468,25.217434],[55.168956,25.217149],[55.169363,25.216295]]],[[[55.171072,25.215766],[55.170421,25.215033],[55.170014,25.216091],[55.169932,25.216864],[55.170095,25.217434],[55.170746,25.217271],[55.171072,25.216417],[55.171072,25.215766]]],[[[55.177419,25.216132],[55.176931,25.215684],[55.176524,25.215766],[55.176199,25.216295],[55.176931,25.217271],[55.177745,25.217434],[55.177908,25.216864],[55.177419,25.216132]]],[[[55.194916,25.199978],[55.194591,25.199327],[55.194102,25.199083],[55.193533,25.199327],[55.192719,25.200222],[55.192393,25.201931],[55.192393,25.203355],[55.193044,25.204495],[55.193451,25.205797],[55.193533,25.207261],[55.193858,25.208482],[55.196381,25.210557],[55.197683,25.211656],[55.198334,25.212633],[55.198578,25.213975],[55.199392,25.215969],[55.199148,25.216417],[55.198822,25.216091],[55.198497,25.215684],[55.197927,25.215847],[55.197927,25.216661],[55.198497,25.21776],[55.199392,25.217922],[55.199962,25.216946],[55.201427,25.216946],[55.20224,25.216742],[55.20281,25.216132],[55.202159,25.215766],[55.201101,25.215888],[55.200613,25.215033],[55.19988,25.214057],[55.199474,25.212022],[55.198253,25.210232],[55.195486,25.208726],[55.194916,25.207668],[55.194916,25.206407],[55.194102,25.204372],[55.193858,25.202379],[55.194184,25.200995],[55.194916,25.199978]]],[[[55.153901,25.217597],[55.153819,25.217149],[55.153656,25.216864],[55.153331,25.216783],[55.153005,25.217027],[55.15268,25.217475],[55.152924,25.217963],[55.153494,25.217963],[55.153901,25.217597]]],[[[55.165538,25.21662],[55.16505,25.21662],[55.163666,25.21719],[55.163097,25.217637],[55.163097,25.218207],[55.163748,25.218248],[55.165375,25.218166],[55.165782,25.217637],[55.165538,25.21662]]],[[[55.172537,25.217231],[55.171967,25.217231],[55.171723,25.217393],[55.171723,25.218248],[55.172211,25.218492],[55.172537,25.218044],[55.172537,25.217231]]],[[[55.146414,25.217515],[55.145844,25.217149],[55.145274,25.217434],[55.145274,25.218166],[55.1456,25.218573],[55.146332,25.218614],[55.147146,25.218573],[55.147146,25.217963],[55.146414,25.217515]]],[[[55.184581,25.217882],[55.184581,25.217108],[55.184174,25.217068],[55.183523,25.217271],[55.183116,25.217637],[55.183116,25.218329],[55.183767,25.218777],[55.184337,25.218533],[55.184581,25.217882]]],[[[55.18922,25.218329],[55.188894,25.218044],[55.187673,25.217922],[55.187022,25.218085],[55.187022,25.218736],[55.187592,25.219062],[55.18922,25.218899],[55.18922,25.218329]]],[[[55.171235,25.218044],[55.170584,25.218044],[55.170095,25.218126],[55.170421,25.218777],[55.170909,25.219102],[55.171316,25.219102],[55.171641,25.218655],[55.171235,25.218044]]],[[[55.150564,25.218492],[55.149913,25.218248],[55.149425,25.218248],[55.148774,25.218655],[55.148936,25.219102],[55.149506,25.219428],[55.150401,25.219428],[55.150727,25.218899],[55.150564,25.218492]]],[[[55.168142,25.218573],[55.168061,25.2178],[55.167491,25.217678],[55.167084,25.217678],[55.167003,25.219184],[55.167491,25.219428],[55.168061,25.219184],[55.168142,25.218573]]],[[[55.139903,25.219468],[55.141449,25.219184],[55.141775,25.218736],[55.141287,25.218004],[55.140636,25.217271],[55.14088,25.215969],[55.140147,25.215481],[55.13974,25.214179],[55.140473,25.213446],[55.142589,25.212795],[55.143321,25.211982],[55.142833,25.211493],[55.141368,25.21129],[55.14088,25.210801],[55.141287,25.209662],[55.142426,25.208645],[55.1421,25.207587],[55.141124,25.206488],[55.141124,25.20543],[55.141694,25.20425],[55.142751,25.203233],[55.143728,25.203111],[55.144216,25.202501],[55.144379,25.201768],[55.145112,25.201646],[55.145193,25.20128],[55.14446,25.201036],[55.144135,25.201036],[55.144054,25.200466],[55.144135,25.199774],[55.143403,25.199205],[55.142833,25.198798],[55.142589,25.197903],[55.142751,25.19713],[55.142996,25.196763],[55.143403,25.196438],[55.143077,25.196072],[55.142263,25.196072],[55.141449,25.195868],[55.141287,25.195543],[55.141124,25.194932],[55.141287,25.194363],[55.141694,25.193752],[55.142589,25.193549],[55.14324,25.193671],[55.14446,25.194403],[55.145112,25.194566],[55.1456,25.193874],[55.145518,25.192735],[55.14446,25.192206],[55.14324,25.191962],[55.142263,25.192125],[55.141449,25.192125],[55.141124,25.191799],[55.140554,25.191636],[55.14031,25.191881],[55.139985,25.193101],[55.140147,25.193956],[55.139171,25.194485],[55.137706,25.194363],[55.137462,25.194892],[55.137625,25.19538],[55.139008,25.195217],[55.139171,25.195705],[55.138276,25.19595],[55.137543,25.196194],[55.137869,25.196641],[55.139089,25.196194],[55.139496,25.196234],[55.139822,25.196723],[55.139903,25.19831],[55.13974,25.198717],[55.138845,25.199123],[55.139008,25.2001],[55.139659,25.200181],[55.14031,25.199286],[55.141775,25.200344],[55.1421,25.200914],[55.142182,25.201565],[55.141287,25.202541],[55.140473,25.202704],[55.140229,25.202419],[55.140473,25.20185],[55.14088,25.201239],[55.140473,25.200954],[55.139496,25.201606],[55.139171,25.201402],[55.138682,25.20067],[55.137543,25.200832],[55.137869,25.201606],[55.138194,25.202663],[55.138194,25.204169],[55.138682,25.206326],[55.139089,25.207546],[55.138357,25.208645],[55.137706,25.209662],[55.137625,25.210476],[55.138276,25.211249],[55.138357,25.21247],[55.138031,25.213813],[55.137543,25.214789],[55.13795,25.215969],[55.138601,25.216864],[55.139089,25.2178],[55.139171,25.218817],[55.139171,25.219509],[55.139903,25.219468]]],[[[55.15211,25.218248],[55.151785,25.218166],[55.151622,25.21894],[55.152192,25.219509],[55.152843,25.219509],[55.153168,25.219143],[55.153005,25.218817],[55.15211,25.218248]]],[[[55.157156,25.218573],[55.156586,25.218004],[55.155854,25.218004],[55.15504,25.218411],[55.154389,25.218817],[55.154389,25.21955],[55.155854,25.219997],[55.156342,25.219631],[55.157156,25.218573]]],[[[55.190684,25.218817],[55.190115,25.218492],[55.189708,25.218736],[55.189545,25.219468],[55.189871,25.219997],[55.190929,25.219997],[55.190929,25.219428],[55.190684,25.218817]]],[[[55.179861,25.219143],[55.179373,25.219021],[55.179047,25.219021],[55.178803,25.219102],[55.178803,25.21955],[55.179291,25.220201],[55.179698,25.219997],[55.180105,25.219753],[55.179861,25.219143]]],[[[55.169932,25.21898],[55.169281,25.218736],[55.168875,25.219062],[55.169444,25.219997],[55.170095,25.220242],[55.170421,25.219591],[55.169932,25.21898]]],[[[55.176768,25.219102],[55.175873,25.219021],[55.175629,25.219631],[55.175629,25.220323],[55.176524,25.220364],[55.176768,25.219875],[55.176768,25.219102]]],[[[55.18922,25.22012],[55.189464,25.219794],[55.18922,25.219753],[55.188975,25.219631],[55.188406,25.219631],[55.187999,25.219916],[55.187999,25.220364],[55.188406,25.220364],[55.18922,25.22012]]],[[[55.181977,25.219184],[55.181326,25.218899],[55.181082,25.21894],[55.180756,25.219102],[55.180756,25.219428],[55.181326,25.219713],[55.181814,25.220364],[55.182709,25.220445],[55.182791,25.219916],[55.182628,25.219509],[55.181977,25.219184]]],[[[55.178152,25.21898],[55.177664,25.218858],[55.177094,25.21898],[55.177257,25.219631],[55.177419,25.220242],[55.177908,25.220526],[55.178559,25.220486],[55.178722,25.219997],[55.178396,25.219631],[55.178152,25.21898]]],[[[55.174978,25.219631],[55.174653,25.219306],[55.174246,25.219631],[55.174327,25.220689],[55.174734,25.220811],[55.175141,25.220282],[55.174978,25.219631]]],[[[55.151622,25.219997],[55.151378,25.219631],[55.15089,25.219794],[55.150401,25.220079],[55.150157,25.220486],[55.150157,25.220933],[55.15089,25.220933],[55.151541,25.220567],[55.151622,25.219997]]],[[[55.147553,25.219997],[55.147146,25.219875],[55.146739,25.219875],[55.146332,25.220201],[55.146251,25.221055],[55.146739,25.221055],[55.147146,25.220689],[55.147553,25.219997]]],[[[55.167084,25.220486],[55.166921,25.219835],[55.166352,25.219631],[55.165863,25.219631],[55.165863,25.221422],[55.166352,25.221747],[55.167003,25.221422],[55.167084,25.220486]]],[[[55.195404,25.194648],[55.198253,25.197414],[55.199555,25.199042],[55.200531,25.2001],[55.202322,25.202948],[55.204763,25.206204],[55.205089,25.207913],[55.205251,25.209459],[55.205577,25.210761],[55.205984,25.211778],[55.208181,25.215644],[55.209076,25.217434],[55.209565,25.220526],[55.209565,25.221747],[55.20989,25.221706],[55.20989,25.220567],[55.209483,25.217393],[55.208669,25.215766],[55.206065,25.21133],[55.205577,25.209459],[55.205414,25.207913],[55.204926,25.205715],[55.202566,25.20246],[55.20102,25.199734],[55.198741,25.19713],[55.195404,25.194648]]],[[[55.145844,25.220486],[55.145193,25.220201],[55.144786,25.220526],[55.145112,25.22134],[55.145274,25.221829],[55.145844,25.221829],[55.146251,25.22134],[55.145844,25.220486]]],[[[55.149018,25.220852],[55.148692,25.220364],[55.148204,25.220364],[55.147797,25.220486],[55.147797,25.221462],[55.147878,25.222276],[55.148529,25.222276],[55.149018,25.221951],[55.149018,25.220852]]],[[[55.144379,25.220771],[55.143403,25.220649],[55.143077,25.221137],[55.143403,25.222317],[55.144216,25.222317],[55.144705,25.222195],[55.144705,25.221584],[55.144379,25.220771]]],[[[55.169688,25.2213],[55.16977,25.220852],[55.169607,25.220567],[55.169037,25.220567],[55.168224,25.221137],[55.167491,25.221666],[55.167654,25.222398],[55.168549,25.222398],[55.169688,25.2213]]],[[[55.17335,25.219509],[55.172455,25.220364],[55.172048,25.220486],[55.171397,25.220933],[55.171153,25.221544],[55.171316,25.222317],[55.172293,25.22248],[55.172455,25.222195],[55.172455,25.221829],[55.172537,25.221137],[55.173106,25.220852],[55.17392,25.220486],[55.17392,25.219753],[55.17335,25.219509]]],[[[55.177664,25.221462],[55.176768,25.221137],[55.176117,25.221422],[55.175955,25.222276],[55.176524,25.222602],[55.177338,25.222602],[55.177664,25.222073],[55.177664,25.221462]]],[[[55.175304,25.221747],[55.174734,25.221503],[55.174246,25.221584],[55.173839,25.221829],[55.173676,25.222398],[55.174571,25.222846],[55.174978,25.222846],[55.175385,25.222398],[55.175304,25.221747]]],[[[55.180512,25.220933],[55.180105,25.221259],[55.179698,25.22134],[55.179291,25.221462],[55.178966,25.221381],[55.178559,25.221584],[55.178233,25.221829],[55.178396,25.222561],[55.178722,25.222805],[55.179047,25.222805],[55.179373,25.222317],[55.179373,25.221747],[55.179861,25.221584],[55.179942,25.221747],[55.179942,25.222032],[55.179942,25.222602],[55.180431,25.222602],[55.180756,25.222398],[55.181,25.222154],[55.181163,25.222073],[55.181488,25.222154],[55.18157,25.222317],[55.181651,25.222683],[55.182221,25.222886],[55.182465,25.222846],[55.182628,25.222317],[55.182709,25.221503],[55.182465,25.221055],[55.18214,25.221096],[55.181488,25.221584],[55.181163,25.221503],[55.181,25.221137],[55.180512,25.220933]]],[[[55.154145,25.220486],[55.153494,25.220242],[55.152843,25.220486],[55.151296,25.221584],[55.150727,25.222073],[55.150971,25.222561],[55.151703,25.223009],[55.15211,25.222805],[55.153168,25.222195],[55.154389,25.221829],[55.155121,25.221462],[55.155284,25.221055],[55.154714,25.220893],[55.154145,25.220486]]],[[[55.171397,25.223375],[55.171316,25.22309],[55.170584,25.22309],[55.1692,25.223619],[55.168061,25.223619],[55.167654,25.223863],[55.167979,25.224311],[55.169932,25.224311],[55.170909,25.223944],[55.171397,25.223375]]],[[[55.150076,25.222317],[55.149425,25.222561],[55.148774,25.222968],[55.148285,25.223009],[55.147472,25.222683],[55.146739,25.222317],[55.145925,25.22248],[55.145681,25.222846],[55.146169,25.223253],[55.147797,25.223253],[55.148204,25.223619],[55.148692,25.224433],[55.149506,25.224392],[55.150727,25.224148],[55.151215,25.223538],[55.150483,25.222846],[55.150076,25.222317]]],[[[55.16391,25.22248],[55.163992,25.221747],[55.163585,25.221503],[55.162852,25.221462],[55.16212,25.222886],[55.162283,25.224189],[55.162852,25.224433],[55.163259,25.224148],[55.163259,25.223253],[55.16391,25.22248]]],[[[55.174001,25.223375],[55.173513,25.222846],[55.172862,25.222846],[55.172455,25.223253],[55.172781,25.224433],[55.173513,25.224433],[55.174001,25.223985],[55.174001,25.223375]]],[[[55.18808,25.222642],[55.187673,25.222642],[55.187348,25.223009],[55.187022,25.223456],[55.186941,25.223944],[55.187185,25.224392],[55.187511,25.224514],[55.18808,25.224148],[55.188162,25.223334],[55.18808,25.222642]]],[[[55.147878,25.224677],[55.147797,25.224066],[55.147472,25.223944],[55.146414,25.223944],[55.145925,25.224514],[55.146414,25.225124],[55.14739,25.225124],[55.147878,25.224677]]],[[[55.177664,25.223619],[55.176687,25.2237],[55.176443,25.224026],[55.176768,25.224433],[55.177419,25.224962],[55.177908,25.225002],[55.179291,25.225124],[55.179617,25.22488],[55.179698,25.224433],[55.179373,25.224026],[55.178477,25.223904],[55.177664,25.223619]]],[[[55.192393,25.224433],[55.192312,25.223904],[55.191987,25.223863],[55.191742,25.223863],[55.191254,25.223985],[55.190929,25.224595],[55.191417,25.225369],[55.191987,25.225531],[55.192393,25.225369],[55.192393,25.224433]]],[[[55.143728,25.224229],[55.143891,25.223944],[55.143403,25.223538],[55.14324,25.223415],[55.142833,25.223538],[55.142589,25.224148],[55.142589,25.225002],[55.143077,25.225816],[55.144135,25.225857],[55.144542,25.225735],[55.144542,25.225369],[55.144054,25.225328],[55.143647,25.225328],[55.143565,25.225084],[55.143728,25.22484],[55.143728,25.224229]]],[[[55.17571,25.224392],[55.174734,25.224311],[55.174571,25.22488],[55.174734,25.225653],[55.175466,25.225938],[55.176117,25.225938],[55.17628,25.225531],[55.176117,25.224962],[55.17571,25.224392]]],[[[55.186697,25.222317],[55.186127,25.22248],[55.185395,25.222683],[55.184906,25.223131],[55.184093,25.223497],[55.183523,25.223578],[55.183116,25.22488],[55.182709,25.225572],[55.183035,25.225938],[55.18336,25.225938],[55.183523,25.225491],[55.183849,25.224677],[55.184255,25.224392],[55.184988,25.224107],[55.186209,25.223578],[55.186615,25.222968],[55.186697,25.222317]]],[[[55.181977,25.223985],[55.181,25.224107],[55.180512,25.224595],[55.180431,25.225369],[55.180675,25.226101],[55.181488,25.226142],[55.182221,25.225491],[55.182302,25.224677],[55.181977,25.223985]]],[[[55.18865,25.225246],[55.188324,25.225857],[55.18865,25.226182],[55.189301,25.226182],[55.190033,25.226182],[55.190603,25.225531],[55.189952,25.225084],[55.18865,25.225246]]],[[[55.186046,25.22488],[55.185883,25.224189],[55.185313,25.224311],[55.184581,25.224921],[55.184337,25.225206],[55.184906,25.225857],[55.185395,25.226304],[55.185883,25.226223],[55.185883,25.225816],[55.186046,25.22488]]],[[[55.171967,25.225084],[55.171723,25.224677],[55.171235,25.224555],[55.170258,25.22488],[55.169444,25.225653],[55.169688,25.226508],[55.170584,25.226467],[55.171641,25.225898],[55.171967,25.225084]]],[[[55.196625,25.223985],[55.196788,25.223578],[55.196951,25.223334],[55.197195,25.222968],[55.196869,25.222561],[55.196056,25.222886],[55.194672,25.222805],[55.194672,25.223456],[55.195404,25.224555],[55.195404,25.226142],[55.19573,25.226711],[55.1963,25.22663],[55.1963,25.226101],[55.196625,25.226142],[55.196869,25.226304],[55.197276,25.226304],[55.197439,25.225938],[55.197113,25.225287],[55.196625,25.223985]]],[[[55.165782,25.226833],[55.165782,25.226467],[55.165457,25.226304],[55.164561,25.226304],[55.164317,25.226711],[55.164561,25.226996],[55.165457,25.227078],[55.165782,25.226833]]],[[[55.148774,25.225857],[55.148123,25.225857],[55.147634,25.225938],[55.147472,25.226589],[55.14796,25.227078],[55.148692,25.2272],[55.149343,25.227078],[55.149506,25.226386],[55.148774,25.225857]]],[[[55.166921,25.223944],[55.166921,25.223456],[55.166921,25.223009],[55.16684,25.222602],[55.166352,25.222276],[55.165945,25.222195],[55.165538,25.222317],[55.164887,25.223253],[55.164724,25.223985],[55.16505,25.22484],[55.165538,25.22545],[55.165945,25.225735],[55.16627,25.226304],[55.16627,25.226793],[55.166515,25.227159],[55.166921,25.227281],[55.167491,25.22724],[55.168142,25.227078],[55.16863,25.226671],[55.168549,25.22606],[55.168224,25.225572],[55.16741,25.225246],[55.167084,25.224677],[55.166921,25.223944]]],[[[55.178722,25.226508],[55.178233,25.226101],[55.177664,25.226223],[55.177013,25.226671],[55.177094,25.227647],[55.177664,25.227688],[55.178477,25.227525],[55.178722,25.226508]]],[[[55.188324,25.226996],[55.187999,25.227444],[55.188162,25.227688],[55.18865,25.227688],[55.189626,25.227688],[55.190033,25.227159],[55.189464,25.226874],[55.188324,25.226996]]],[[[55.162934,25.226671],[55.162446,25.226182],[55.161713,25.226223],[55.161632,25.227281],[55.16212,25.227851],[55.163097,25.227769],[55.162934,25.226671]]],[[[55.174001,25.226223],[55.173839,25.225735],[55.173432,25.225735],[55.173025,25.226142],[55.172455,25.226833],[55.172048,25.227078],[55.171641,25.227362],[55.171723,25.227769],[55.172293,25.227932],[55.172537,25.227851],[55.172862,25.22724],[55.17335,25.226996],[55.17392,25.22663],[55.174001,25.226223]]],[[[55.180756,25.226874],[55.179942,25.226671],[55.179535,25.226955],[55.179535,25.227729],[55.179617,25.228258],[55.180349,25.228258],[55.180756,25.227729],[55.180756,25.226874]]],[[[55.175466,25.226833],[55.174653,25.226671],[55.17449,25.226793],[55.17449,25.228298],[55.175141,25.228502],[55.175629,25.227932],[55.175466,25.226833]]],[[[55.184093,25.227078],[55.183197,25.227037],[55.182465,25.226874],[55.181814,25.226996],[55.181814,25.227566],[55.182221,25.228258],[55.18336,25.228705],[55.18393,25.228624],[55.184255,25.227769],[55.184093,25.227078]]],[[[55.186534,25.227973],[55.185476,25.227769],[55.185069,25.228176],[55.185069,25.228542],[55.186127,25.228909],[55.187185,25.228909],[55.187592,25.228868],[55.187755,25.22842],[55.187592,25.227973],[55.186534,25.227973]]],[[[55.171153,25.228624],[55.170828,25.228258],[55.169932,25.228013],[55.169363,25.228258],[55.168875,25.228787],[55.168956,25.229478],[55.169688,25.229722],[55.170258,25.229478],[55.171153,25.228624]]],[[[55.181488,25.22899],[55.181488,25.228705],[55.180431,25.228787],[55.179942,25.229478],[55.180105,25.229885],[55.180837,25.229967],[55.181488,25.229682],[55.181488,25.22899]]],[[[55.200206,25.222764],[55.19988,25.221991],[55.199474,25.2213],[55.198904,25.22134],[55.198578,25.221584],[55.19809,25.221666],[55.197683,25.221584],[55.197683,25.221829],[55.197765,25.221951],[55.198497,25.22309],[55.198578,25.224718],[55.198741,25.225653],[55.19988,25.225653],[55.200043,25.226142],[55.199962,25.227078],[55.198904,25.227362],[55.196951,25.227769],[55.195974,25.227525],[55.194998,25.227607],[55.195323,25.227851],[55.19573,25.228502],[55.195323,25.228705],[55.194509,25.228746],[55.194835,25.229153],[55.195811,25.229356],[55.196544,25.230048],[55.197358,25.230007],[55.197358,25.229071],[55.197927,25.228949],[55.198497,25.229315],[55.199067,25.229315],[55.199555,25.228827],[55.199962,25.228339],[55.200613,25.227851],[55.201101,25.227688],[55.201752,25.227729],[55.202322,25.228095],[55.203054,25.228624],[55.203461,25.228624],[55.203705,25.228542],[55.204031,25.228095],[55.204845,25.227973],[55.206147,25.227973],[55.206798,25.227851],[55.206798,25.226874],[55.206147,25.226223],[55.205007,25.225857],[55.204763,25.22602],[55.204845,25.226304],[55.205658,25.22663],[55.206147,25.226955],[55.206065,25.227444],[55.205577,25.227444],[55.204845,25.22724],[55.203705,25.226467],[55.202485,25.225938],[55.201508,25.225735],[55.200206,25.226223],[55.200206,25.225287],[55.200206,25.223741],[55.200206,25.222764]]],[[[55.17392,25.229071],[55.172781,25.228583],[55.172048,25.228787],[55.172048,25.229478],[55.172781,25.230251],[55.173513,25.230414],[55.174246,25.230414],[55.174327,25.229804],[55.17392,25.229071]]],[[[55.187755,25.229844],[55.187348,25.22956],[55.186127,25.229844],[55.186046,25.230089],[55.186046,25.230821],[55.18686,25.230862],[55.187592,25.230862],[55.187755,25.229844]]],[[[55.177664,25.229478],[55.176524,25.229315],[55.176199,25.229519],[55.17628,25.230333],[55.176931,25.230821],[55.177582,25.230821],[55.178152,25.231024],[55.178477,25.230496],[55.178152,25.229967],[55.177664,25.229478]]],[[[55.184906,25.229885],[55.183604,25.229682],[55.18336,25.229844],[55.183116,25.230333],[55.183116,25.231106],[55.183849,25.231391],[55.184662,25.231391],[55.185313,25.231228],[55.185069,25.230577],[55.184906,25.229885]]],[[[55.171967,25.230129],[55.171072,25.230007],[55.170421,25.230333],[55.170258,25.231024],[55.170909,25.231472],[55.171967,25.231391],[55.172374,25.23078],[55.171967,25.230129]]],[[[55.181,25.230577],[55.180431,25.230414],[55.179698,25.230292],[55.179373,25.230577],[55.179373,25.231024],[55.179698,25.23135],[55.180756,25.231391],[55.181814,25.231472],[55.182221,25.23135],[55.181977,25.230862],[55.181,25.230577]]],[[[55.190359,25.229519],[55.189708,25.229641],[55.189138,25.229885],[55.188813,25.230536],[55.188813,25.231106],[55.188975,25.231635],[55.189626,25.231635],[55.190278,25.231106],[55.19044,25.230211],[55.190359,25.229519]]],[[[55.168061,25.228502],[55.167328,25.228095],[55.16627,25.228095],[55.165945,25.228705],[55.166352,25.230211],[55.167003,25.231431],[55.167328,25.231716],[55.168875,25.231757],[55.169363,25.231676],[55.169607,25.231472],[55.169363,25.230577],[55.16863,25.230089],[55.168224,25.229478],[55.168061,25.228502]]],[[[55.165457,25.23135],[55.165457,25.231106],[55.164806,25.231106],[55.164561,25.231187],[55.16391,25.231594],[55.16391,25.23192],[55.164073,25.232164],[55.164724,25.232164],[55.165457,25.231757],[55.165457,25.23135]]],[[[55.188324,25.231676],[55.187266,25.231757],[55.186453,25.23192],[55.186534,25.232367],[55.187511,25.232489],[55.188406,25.232286],[55.188324,25.231676]]],[[[55.175466,25.231391],[55.174978,25.231106],[55.174164,25.231594],[55.173188,25.231757],[55.172374,25.232164],[55.172455,25.232774],[55.173025,25.23253],[55.174001,25.232367],[55.174571,25.232367],[55.175304,25.232408],[55.175629,25.232164],[55.175466,25.231391]]],[[[55.190684,25.232042],[55.189545,25.232245],[55.189138,25.232367],[55.189138,25.232774],[55.189464,25.233018],[55.190684,25.232856],[55.190929,25.232408],[55.190684,25.232042]]],[[[55.193696,25.229397],[55.193451,25.228909],[55.193044,25.228909],[55.192556,25.22899],[55.192068,25.229315],[55.191987,25.230251],[55.192231,25.230821],[55.192719,25.231391],[55.193451,25.231838],[55.194591,25.231879],[55.19573,25.232245],[55.196056,25.23253],[55.195974,25.23314],[55.194916,25.23314],[55.193777,25.232611],[55.193207,25.232652],[55.193777,25.233222],[55.194916,25.233588],[55.198741,25.233669],[55.199474,25.23314],[55.200531,25.232774],[55.202159,25.232774],[55.20338,25.232245],[55.2046,25.23135],[55.205251,25.230618],[55.205333,25.22956],[55.205251,25.229071],[55.204763,25.229071],[55.203624,25.229926],[55.201752,25.230902],[55.201101,25.230821],[55.19809,25.230333],[55.197276,25.232164],[55.197276,25.232774],[55.196951,25.232896],[55.196625,25.232408],[55.19573,25.231391],[55.194835,25.231187],[55.19337,25.231187],[55.192882,25.23078],[55.193533,25.229885],[55.193696,25.229397]]],[[[55.188731,25.23314],[55.187185,25.233181],[55.186534,25.233344],[55.186534,25.23371],[55.188487,25.23371],[55.188731,25.23314]]],[[[55.182628,25.232774],[55.182384,25.232408],[55.181895,25.232367],[55.181488,25.23253],[55.18157,25.2331],[55.181895,25.233873],[55.182302,25.233873],[55.182628,25.233588],[55.182628,25.232774]]],[[[55.191091,25.233669],[55.190359,25.233954],[55.190115,25.234158],[55.190359,25.234565],[55.19158,25.234605],[55.191824,25.234076],[55.19158,25.233669],[55.191091,25.233669]]],[[[55.176606,25.234076],[55.177013,25.233588],[55.178152,25.23314],[55.178884,25.233181],[55.179535,25.233222],[55.179861,25.233751],[55.180756,25.235012],[55.181163,25.234768],[55.181244,25.234036],[55.180512,25.232856],[55.179047,25.232164],[55.178071,25.232327],[55.175955,25.233303],[55.174734,25.233873],[55.173106,25.234239],[55.172862,25.234442],[55.173188,25.235093],[55.174164,25.235012],[55.174734,25.234483],[55.175141,25.23428],[55.176117,25.234361],[55.176606,25.234076]]],[[[55.171641,25.23371],[55.170909,25.232978],[55.170502,25.232978],[55.170421,25.233222],[55.170421,25.234605],[55.170502,25.235053],[55.170584,25.235256],[55.171072,25.235256],[55.17156,25.234931],[55.171723,25.23428],[55.171641,25.23371]]],[[[55.185232,25.233181],[55.184906,25.232611],[55.184418,25.232611],[55.183767,25.232774],[55.18336,25.233791],[55.18336,25.234565],[55.18336,25.235093],[55.18393,25.235419],[55.184662,25.235093],[55.185232,25.234239],[55.185232,25.233181]]],[[[55.207367,25.231024],[55.207286,25.230455],[55.206716,25.230577],[55.206065,25.231187],[55.205658,25.23196],[55.205414,25.233181],[55.204845,25.234117],[55.203868,25.234727],[55.202973,25.235093],[55.201508,25.235012],[55.199636,25.234849],[55.199148,25.234646],[55.198497,25.23432],[55.198334,25.234605],[55.198741,25.235012],[55.199962,25.235297],[55.20224,25.235622],[55.203298,25.235622],[55.204519,25.235012],[55.205333,25.234931],[55.206147,25.233588],[55.206147,25.23253],[55.206716,25.232082],[55.207367,25.231024]]],[[[55.179942,25.235012],[55.179047,25.234687],[55.178559,25.234687],[55.178233,25.234849],[55.178233,25.23546],[55.178722,25.235745],[55.179373,25.236192],[55.180105,25.235704],[55.179942,25.235012]]],[[[55.16977,25.23371],[55.169688,25.233303],[55.169607,25.232896],[55.169281,25.232733],[55.168549,25.232611],[55.167979,25.232774],[55.167817,25.233181],[55.167817,25.233751],[55.167817,25.234361],[55.168061,25.235867],[55.1692,25.236314],[55.169688,25.236233],[55.16977,25.235826],[55.169932,25.235175],[55.16977,25.23371]]],[[[55.163585,25.234158],[55.163666,25.232978],[55.163422,25.23253],[55.16269,25.23253],[55.162446,25.233954],[55.162771,25.235867],[55.163259,25.236477],[55.163748,25.236111],[55.16391,25.2355],[55.163585,25.23489],[55.163585,25.234158]]],[[[55.186941,25.235419],[55.186209,25.235093],[55.18572,25.23546],[55.185313,25.235907],[55.185313,25.236558],[55.186046,25.236762],[55.186615,25.236274],[55.186941,25.235419]]],[[[55.182709,25.235785],[55.18157,25.235907],[55.18157,25.236558],[55.182465,25.236843],[55.183523,25.236925],[55.184093,25.236843],[55.183849,25.236477],[55.182709,25.235785]]],[[[55.176768,25.236802],[55.176687,25.236355],[55.175955,25.236029],[55.175385,25.23607],[55.175059,25.236477],[55.175141,25.237291],[55.175792,25.23786],[55.176199,25.237901],[55.176931,25.237901],[55.177013,25.237209],[55.176768,25.236802]]],[[[55.179698,25.237128],[55.179535,25.236802],[55.178803,25.236843],[55.178396,25.236843],[55.177908,25.237087],[55.177908,25.23786],[55.178233,25.238105],[55.178803,25.238105],[55.179373,25.237616],[55.179698,25.237128]]],[[[55.174164,25.236843],[55.173513,25.23668],[55.173106,25.23664],[55.172455,25.236802],[55.171967,25.237047],[55.171886,25.237616],[55.172293,25.238064],[55.173106,25.238145],[55.173676,25.238308],[55.174164,25.238105],[55.174571,25.237698],[55.174571,25.237209],[55.174164,25.236843]]],[[[55.170014,25.237779],[55.16977,25.237413],[55.169281,25.237331],[55.168549,25.237535],[55.168305,25.237942],[55.16863,25.238349],[55.169607,25.238349],[55.170014,25.237779]]],[[[55.175873,25.238674],[55.175629,25.238389],[55.174978,25.238389],[55.17449,25.238918],[55.174571,25.239407],[55.175385,25.239488],[55.175955,25.239325],[55.175873,25.238674]]],[[[55.180756,25.238959],[55.180512,25.238756],[55.180105,25.238756],[55.179617,25.238756],[55.179047,25.239244],[55.179291,25.239732],[55.179698,25.239773],[55.180512,25.239447],[55.180756,25.238959]]],[[[55.186127,25.238349],[55.186046,25.237942],[55.185557,25.237942],[55.185313,25.23786],[55.184988,25.23843],[55.184581,25.238756],[55.183849,25.238593],[55.183523,25.238105],[55.182221,25.237779],[55.181163,25.237738],[55.180837,25.238105],[55.181082,25.238674],[55.181977,25.238878],[55.183523,25.23904],[55.183767,25.239488],[55.183767,25.239895],[55.184255,25.24022],[55.184744,25.24022],[55.185557,25.239081],[55.186127,25.238349]]],[[[55.178559,25.239407],[55.178152,25.239407],[55.177582,25.239529],[55.176687,25.239773],[55.176768,25.24018],[55.177257,25.240424],[55.177908,25.24022],[55.178559,25.239814],[55.178559,25.239407]]],[[[55.190278,25.238389],[55.190115,25.237942],[55.189871,25.237616],[55.189301,25.237291],[55.188894,25.237454],[55.188894,25.238023],[55.188813,25.239407],[55.188406,25.239732],[55.188324,25.240343],[55.18865,25.240587],[55.189138,25.240505],[55.189708,25.239773],[55.190278,25.239285],[55.190278,25.238389]]],[[[55.167084,25.238105],[55.166189,25.237494],[55.164561,25.237616],[55.164317,25.238593],[55.164399,25.240302],[55.165131,25.240668],[55.166921,25.24022],[55.167328,25.239488],[55.167328,25.238756],[55.167084,25.238105]]],[[[55.181326,25.240505],[55.181163,25.240017],[55.180756,25.24018],[55.180105,25.240302],[55.179861,25.240668],[55.179861,25.241034],[55.180186,25.241197],[55.180837,25.241034],[55.181326,25.240505]]],[[[55.187185,25.240383],[55.186534,25.240424],[55.186046,25.241116],[55.185313,25.241441],[55.184906,25.241645],[55.185069,25.241929],[55.185476,25.242011],[55.186534,25.241604],[55.187348,25.240912],[55.187185,25.240383]]],[[[55.200206,25.238674],[55.199962,25.238349],[55.199229,25.238349],[55.197765,25.239814],[55.196544,25.241156],[55.195974,25.241604],[55.195974,25.242174],[55.196381,25.242336],[55.197276,25.242296],[55.198497,25.242255],[55.199474,25.242133],[55.200369,25.24136],[55.201101,25.240831],[55.201101,25.240302],[55.200613,25.24018],[55.200206,25.240505],[55.199392,25.241116],[55.198578,25.241034],[55.198497,25.240668],[55.198578,25.24018],[55.198822,25.239814],[55.199718,25.239081],[55.200206,25.238674]]],[[[55.169444,25.241156],[55.169363,25.240587],[55.168549,25.240587],[55.167735,25.240871],[55.166921,25.241523],[55.16684,25.242336],[55.167491,25.242499],[55.168305,25.242133],[55.169444,25.241156]]],[[[55.182384,25.241441],[55.182221,25.241156],[55.181814,25.241197],[55.181,25.241807],[55.181163,25.242499],[55.181651,25.242418],[55.182221,25.24197],[55.182384,25.241441]]],[[[55.170421,25.23904],[55.169688,25.238878],[55.169363,25.239081],[55.169363,25.239447],[55.169444,25.239854],[55.170177,25.24079],[55.170502,25.24136],[55.170828,25.241889],[55.171235,25.24258],[55.172211,25.242865],[55.172781,25.242499],[55.17392,25.241116],[55.174246,25.240668],[55.174164,25.240302],[55.173839,25.24018],[55.173432,25.240546],[55.172862,25.240668],[55.172374,25.240587],[55.171316,25.24018],[55.170746,25.239529],[55.170421,25.23904]]],[[[55.179291,25.242499],[55.17921,25.241767],[55.178722,25.241319],[55.177826,25.2414],[55.177338,25.241929],[55.177338,25.242499],[55.177664,25.242865],[55.178722,25.242987],[55.179047,25.242947],[55.179291,25.242499]]],[[[55.187673,25.242377],[55.187022,25.242133],[55.186371,25.242499],[55.186371,25.243069],[55.186941,25.243313],[55.187511,25.24315],[55.187673,25.242784],[55.187673,25.242377]]],[[[55.18336,25.242174],[55.182709,25.242743],[55.182709,25.243272],[55.183116,25.243883],[55.184744,25.243883],[55.184906,25.243272],[55.184662,25.242743],[55.184255,25.242255],[55.18336,25.242174]]],[[[55.176443,25.240709],[55.176199,25.240383],[55.17571,25.240546],[55.173839,25.242743],[55.173839,25.243232],[55.17449,25.243883],[55.175141,25.244534],[55.176443,25.244452],[55.177013,25.244045],[55.177013,25.243557],[55.176606,25.243191],[55.17571,25.242092],[55.175466,25.241726],[55.175792,25.2414],[55.176443,25.240709]]],[[[55.173513,25.243516],[55.172862,25.243801],[55.172862,25.244208],[55.173513,25.244615],[55.174246,25.244615],[55.17449,25.244208],[55.173513,25.243516]]],[[[55.179698,25.243272],[55.178722,25.243679],[55.178396,25.243883],[55.178233,25.244045],[55.178233,25.244371],[55.178233,25.244615],[55.178722,25.244818],[55.179698,25.244859],[55.180105,25.244778],[55.180186,25.244289],[55.180186,25.243638],[55.179698,25.243272]]],[[[55.186941,25.244086],[55.186615,25.24372],[55.186371,25.243638],[55.185883,25.243638],[55.185476,25.244045],[55.185313,25.244778],[55.185557,25.245266],[55.186209,25.245185],[55.186941,25.244696],[55.186941,25.244086]]],[[[55.140961,25.236802],[55.140798,25.236151],[55.139171,25.234076],[55.137625,25.231838],[55.136567,25.229885],[55.135997,25.228176],[55.135346,25.225613],[55.133962,25.222805],[55.132498,25.219428],[55.131765,25.215603],[55.131521,25.212877],[55.13087,25.209947],[55.129893,25.205715],[55.129405,25.202297],[55.130219,25.199083],[55.132091,25.194078],[55.1338,25.190701],[55.135997,25.187242],[55.137136,25.186062],[55.137706,25.185533],[55.137625,25.185045],[55.136892,25.185167],[55.135916,25.186103],[55.134532,25.187934],[55.131521,25.194078],[55.129405,25.199083],[55.128754,25.202623],[55.129161,25.205878],[55.130056,25.210191],[55.130951,25.213202],[55.131114,25.215888],[55.132091,25.219875],[55.133637,25.223049],[55.134939,25.225816],[55.135346,25.22842],[55.135916,25.230292],[55.136892,25.232367],[55.138764,25.234768],[55.14031,25.236721],[55.14088,25.238593],[55.141694,25.241441],[55.142589,25.244249],[55.143728,25.245836],[55.144542,25.24669],[55.145356,25.247138],[55.146332,25.247667],[55.146739,25.247504],[55.146739,25.247056],[55.145925,25.246568],[55.14446,25.245917],[55.143647,25.244818],[55.142507,25.241848],[55.141775,25.240017],[55.141449,25.238349],[55.140961,25.236802]]],[[[55.209158,25.235622],[55.20989,25.232652],[55.210297,25.228909],[55.210134,25.226264],[55.209483,25.223619],[55.209321,25.223375],[55.209076,25.223375],[55.208832,25.223456],[55.208832,25.223741],[55.209809,25.227566],[55.20989,25.229397],[55.209402,25.232733],[55.208669,25.23546],[55.20753,25.238349],[55.206472,25.241197],[55.205414,25.243069],[55.203298,25.245225],[55.201101,25.246894],[55.198497,25.248765],[55.198253,25.249172],[55.198416,25.249254],[55.198741,25.249172],[55.201427,25.24726],[55.203624,25.245673],[55.205903,25.243272],[55.207042,25.24136],[55.208018,25.23843],[55.209158,25.235622]]],[[[55.181814,25.245063],[55.181244,25.24494],[55.180837,25.245063],[55.180024,25.245632],[55.179291,25.24551],[55.178477,25.245063],[55.177582,25.245063],[55.176687,25.245347],[55.177094,25.246202],[55.178152,25.246812],[55.179535,25.247341],[55.181814,25.247911],[55.184418,25.249457],[55.185395,25.249457],[55.186453,25.249172],[55.18686,25.248643],[55.187185,25.248074],[55.187022,25.247667],[55.18336,25.245266],[55.182465,25.245673],[55.181651,25.246568],[55.181082,25.246568],[55.181,25.246202],[55.181814,25.245063]]],[[[55.175385,25.246365],[55.173513,25.245958],[55.172781,25.246121],[55.172374,25.246446],[55.173025,25.248033],[55.174246,25.250067],[55.175385,25.250312],[55.175792,25.250881],[55.176687,25.250922],[55.177908,25.250881],[55.178152,25.250067],[55.177013,25.249661],[55.176199,25.249172],[55.17571,25.248033],[55.175385,25.246365]]],[[[55.148123,25.242947],[55.147553,25.242947],[55.147553,25.24315],[55.147634,25.243354],[55.148123,25.243638],[55.150157,25.244615],[55.152924,25.24669],[55.155854,25.249254],[55.158051,25.251125],[55.16033,25.252712],[55.162364,25.253607],[55.166026,25.25495],[55.169281,25.256293],[55.172537,25.25731],[55.174653,25.257839],[55.176606,25.257961],[55.178233,25.257799],[55.181,25.257554],[55.184906,25.256741],[55.188813,25.25609],[55.19158,25.255357],[55.194347,25.254503],[55.197113,25.253404],[55.199555,25.252509],[55.201345,25.251939],[55.201508,25.251614],[55.201182,25.25137],[55.200694,25.251492],[55.199067,25.252061],[55.196056,25.253119],[55.191498,25.254869],[55.188813,25.25552],[55.185069,25.256171],[55.180756,25.256944],[55.178396,25.25731],[55.176687,25.257351],[55.174815,25.257229],[55.172862,25.256659],[55.169607,25.255642],[55.166596,25.254462],[55.16269,25.253079],[55.160411,25.252102],[55.158295,25.250678],[55.156098,25.248887],[55.153168,25.246202],[55.150483,25.244289],[55.148123,25.242947]]],[[[55.320323,26.278347],[55.32309,26.263251],[55.321218,26.256985],[55.322602,26.254055],[55.312999,26.248481],[55.302989,26.248318],[55.294932,26.25019],[55.290294,26.255154],[55.286388,26.265123],[55.289968,26.272935],[55.297455,26.276313],[55.3095,26.282986],[55.320323,26.278347]]]]}},{"type":"Feature","properties":{},"geometry":{"type":"Polygon","coordinates":[[[54.992849,24.96601],[54.992931,24.966539],[54.992768,24.967556],[54.992361,24.968288],[54.991303,24.969468],[54.990082,24.970404],[54.98821,24.970974],[54.98585,24.970933],[54.983897,24.970974],[54.981781,24.9713],[54.979503,24.971869],[54.979015,24.971177],[54.978689,24.970811],[54.978608,24.969916],[54.97991,24.969428],[54.98227,24.969021],[54.984223,24.968858],[54.984467,24.969346],[54.984874,24.969224],[54.984874,24.968695],[54.984548,24.968248],[54.984386,24.968085],[54.98406,24.968207],[54.98406,24.968492],[54.981619,24.968614],[54.979421,24.969062],[54.977143,24.969713],[54.972341,24.971137],[54.970063,24.972276],[54.965017,24.975409],[54.962983,24.977078],[54.96225,24.977078],[54.961843,24.977281],[54.961843,24.977525],[54.963227,24.978013],[54.96339,24.977688],[54.963471,24.977281],[54.965261,24.975775],[54.970307,24.972724],[54.972667,24.971584],[54.977224,24.97016],[54.977875,24.97012],[54.977875,24.970526],[54.977957,24.971462],[54.977875,24.971951],[54.976899,24.972276],[54.974539,24.973049],[54.971528,24.974392],[54.968923,24.975775],[54.966319,24.977769],[54.963308,24.980536],[54.962983,24.980943],[54.962738,24.98074],[54.962576,24.981024],[54.962901,24.981309],[54.96225,24.982286],[54.961274,24.983466],[54.959972,24.983059],[54.959321,24.982733],[54.959158,24.982408],[54.959076,24.973904],[54.958751,24.973782],[54.958344,24.974351],[54.958751,24.982733],[54.959076,24.983059],[54.961355,24.983995],[54.961599,24.98428],[54.961843,24.984768],[54.961029,24.986396],[54.960623,24.986396],[54.960216,24.986192],[54.959809,24.986314],[54.958669,24.989366],[54.957856,24.991604],[54.95753,24.994615],[54.957367,24.99787],[54.957937,25.002061],[54.959076,25.005357],[54.960297,25.008124],[54.962494,25.01203],[54.96518,25.015245],[54.967947,25.018419],[54.968435,25.019599],[54.969819,25.022569],[54.971446,25.024359],[54.97462,25.027045],[54.977875,25.028713],[54.98113,25.02969],[54.984467,25.029934],[54.988699,25.029731],[54.990977,25.029324],[54.991547,25.029161],[54.991222,25.027004],[54.990408,25.02676],[54.988617,25.026435],[54.987641,25.025987],[54.987071,25.025133],[54.985606,25.023993],[54.983735,25.023871],[54.980479,25.022813],[54.978201,25.021064],[54.976736,25.019884],[54.975759,25.019232],[54.973318,25.018622],[54.971772,25.018256],[54.969737,25.016669],[54.967133,25.014512],[54.966807,25.014146],[54.966726,25.013617],[54.967296,25.01321],[54.96754,25.012437],[54.966889,25.011461],[54.964366,25.008572],[54.962576,25.004788],[54.961762,25.001695],[54.961355,24.999579],[54.961274,24.997911],[54.961355,24.995225],[54.961925,24.990546],[54.96225,24.989569],[54.963064,24.988227],[54.963227,24.987901],[54.963715,24.988186],[54.963796,24.98782],[54.962169,24.987128],[54.961925,24.986721],[54.963227,24.984971],[54.963552,24.984849],[54.96518,24.985663],[54.965343,24.985663],[54.965505,24.985419],[54.964447,24.984971],[54.965831,24.983303],[54.967621,24.981228],[54.969249,24.979967],[54.973481,24.9772],[54.975678,24.976264],[54.97934,24.975246],[54.983572,24.974514],[54.987071,24.974311],[54.987071,24.975043],[54.987153,24.975246],[54.987315,24.975084],[54.987315,24.972805],[54.987478,24.972439],[54.988292,24.972276],[54.990408,24.971422],[54.991059,24.970974],[54.991547,24.970933],[54.992524,24.971951],[54.992931,24.972032],[54.993582,24.971381],[54.995128,24.969794],[54.996349,24.968288],[54.997895,24.968166],[55.000173,24.968777],[55.001557,24.969062],[55.005138,24.970282],[55.007742,24.97191],[55.007742,24.972602],[55.007742,24.973538],[55.007416,24.974026],[55.006277,24.973944],[55.005056,24.973863],[55.005056,24.975328],[55.003266,24.978217],[54.994965,24.992377],[54.995046,24.992906],[54.996186,24.993476],[54.995453,24.99494],[54.993988,24.993883],[54.992524,24.991767],[54.991303,24.989244],[54.990896,24.987209],[54.990977,24.982367],[54.991303,24.980292],[54.990977,24.980048],[54.989838,24.979885],[54.989594,24.980292],[54.989268,24.983791],[54.989594,24.987616],[54.990652,24.990953],[54.992686,24.993883],[54.993337,24.9949],[54.9935,24.995469],[54.993175,24.995876],[54.992198,24.995795],[54.989919,24.993557],[54.987559,24.989569],[54.986664,24.986274],[54.985932,24.983385],[54.985606,24.980943],[54.984874,24.980455],[54.984223,24.980658],[54.983897,24.981676],[54.984874,24.986151],[54.986746,24.990017],[54.988943,24.993801],[54.991059,24.995836],[54.991873,24.996731],[54.992035,24.997219],[54.991628,24.997626],[54.990896,24.997301],[54.989594,24.996772],[54.98585,24.993801],[54.983246,24.990831],[54.981456,24.987454],[54.980805,24.984646],[54.980479,24.98314],[54.97991,24.982367],[54.979096,24.982611],[54.978689,24.983303],[54.979991,24.987738],[54.9817,24.990546],[54.98406,24.993557],[54.987071,24.995958],[54.989268,24.997707],[54.990896,24.998643],[54.991059,24.999172],[54.990896,24.999783],[54.989594,24.999579],[54.985932,24.998033],[54.983572,24.996365],[54.981619,24.994696],[54.979015,24.991645],[54.977631,24.989081],[54.976817,24.986599],[54.976085,24.985338],[54.975434,24.985256],[54.974783,24.9855],[54.974457,24.986558],[54.976329,24.990831],[54.978608,24.993964],[54.982107,24.997016],[54.98406,24.998521],[54.986176,24.999376],[54.989594,25.000352],[54.989838,25.000678],[54.989838,25.00141],[54.989594,25.001776],[54.988699,25.001695],[54.985606,25.001085],[54.98113,24.99962],[54.97877,24.998196],[54.977061,24.996812],[54.974783,24.994737],[54.972585,24.992051],[54.971772,24.990994],[54.970632,24.990871],[54.970225,24.991319],[54.970225,24.992011],[54.970958,24.993598],[54.972992,24.995592],[54.976492,24.998236],[54.980235,25.000474],[54.983002,25.001695],[54.986746,25.002427],[54.98821,25.00259],[54.988699,25.00259],[54.98878,25.003079],[54.988536,25.003607],[54.988129,25.003933],[54.986013,25.003933],[54.983653,25.003648],[54.979828,25.002956],[54.976085,25.001207],[54.974132,25.000271],[54.971365,24.99787],[54.970307,24.997016],[54.969493,24.996934],[54.969086,24.997463],[54.969168,24.998562],[54.970388,24.999905],[54.973725,25.001776],[54.978201,25.003648],[54.981781,25.004584],[54.985037,25.004828],[54.987153,25.004788],[54.987559,25.004788],[54.987478,25.005439],[54.987153,25.006171],[54.986013,25.006578],[54.983653,25.006985],[54.979828,25.007229],[54.976085,25.006863],[54.973318,25.005642],[54.97226,25.005032],[54.971528,25.005032],[54.971121,25.005683],[54.971528,25.006496],[54.977224,25.008124],[54.980479,25.008328],[54.983653,25.008328],[54.98585,25.007799],[54.986664,25.007636],[54.986746,25.008328],[54.986257,25.009019],[54.984141,25.009589],[54.980479,25.010565],[54.977387,25.010932],[54.975434,25.010728],[54.974946,25.011339],[54.975597,25.012071],[54.977712,25.012071],[54.980479,25.011746],[54.983409,25.011339],[54.984711,25.011013],[54.985606,25.010972],[54.985362,25.011379],[54.985281,25.011746],[54.983165,25.013048],[54.979666,25.014065],[54.97877,25.015001],[54.979177,25.015692],[54.980479,25.015448],[54.983653,25.01378],[54.985606,25.012885],[54.986176,25.013007],[54.986746,25.019395],[54.987315,25.019599],[54.987641,25.019314],[54.987071,25.013007],[54.987071,25.012397],[54.987397,25.012071],[54.987641,25.012274],[54.987804,25.012885],[54.989106,25.015245],[54.990408,25.017808],[54.992361,25.020494],[54.993582,25.020738],[54.99407,25.020535],[54.993988,25.019802],[54.992768,25.018866],[54.991303,25.016872],[54.989594,25.011949],[54.98935,25.010484],[54.989594,25.009996],[54.990164,25.010362],[54.992361,25.014472],[54.993988,25.016262],[54.997162,25.019314],[54.999441,25.020575],[55.000336,25.020738],[55.000662,25.02029],[55.000499,25.019395],[54.998953,25.018419],[54.997325,25.017035],[54.995128,25.015041],[54.993337,25.0126],[54.992035,25.010321],[54.991384,25.008816],[54.991303,25.008124],[54.991791,25.007636],[54.992361,25.007676],[54.994802,25.010972],[54.997895,25.013536],[55.002615,25.016303],[55.005463,25.017401],[55.008311,25.017768],[55.009207,25.017401],[55.009125,25.016262],[55.007742,25.015774],[55.004324,25.015286],[55.000824,25.013617],[54.998139,25.012071],[54.995779,25.010037],[54.993175,25.006659],[54.992524,25.005764],[54.992931,25.005072],[54.993582,25.005235],[54.996755,25.008205],[55.000824,25.01081],[55.004649,25.012519],[55.009369,25.013414],[55.012299,25.013617],[55.01352,25.013495],[55.014008,25.013048],[55.014008,25.012437],[55.01352,25.011746],[55.01238,25.011868],[55.008881,25.011746],[55.00587,25.011379],[55.001638,25.00967],[54.997488,25.007066],[54.99407,25.004299],[54.993826,25.003607],[54.994151,25.003079],[54.994965,25.003038],[54.998627,25.005601],[55.002126,25.006985],[55.004568,25.007717],[55.0088,25.007921],[55.013113,25.007839],[55.016205,25.007148],[55.017019,25.006741],[55.017263,25.00609],[55.017019,25.00552],[55.016287,25.005357],[55.014659,25.005642],[55.012543,25.00609],[55.0088,25.006659],[55.004731,25.006496],[55.002289,25.005764],[54.998953,25.004462],[54.995616,25.002305],[54.995291,25.001858],[54.995616,25.00141],[54.996267,25.001329],[54.998627,25.002183],[55.002126,25.003241],[55.005382,25.003689],[55.008067,25.00373],[55.012055,25.003648],[55.014496,25.00316],[55.016124,25.00259],[55.0171,25.00198],[55.017345,25.001492],[55.017019,25.000841],[55.016287,25.000678],[55.01352,25.001329],[55.009451,25.002427],[55.007009,25.002712],[55.005382,25.00259],[55.002045,25.002183],[54.998627,25.001125],[54.996755,25.000352],[54.996349,24.999905],[54.996755,24.999335],[54.998139,24.999538],[55.000824,24.999864],[55.005951,24.999986],[55.009776,24.999661],[55.012299,24.998847],[55.015798,24.997178],[55.016124,24.99669],[55.016205,24.995795],[55.015473,24.995632],[55.014252,24.995673],[55.011648,24.997219],[55.009207,24.998114],[55.005789,24.998643],[55.00058,24.998562],[54.998383,24.998481],[54.997406,24.997911],[54.997406,24.997585],[54.998546,24.997301],[55.001231,24.997341],[55.003103,24.997178],[55.00587,24.996527],[55.009369,24.995103],[55.012055,24.993638],[55.013438,24.992174],[55.013601,24.99136],[55.013438,24.990871],[55.012543,24.990668],[55.011648,24.991116],[55.008962,24.993435],[55.005789,24.995103],[55.003998,24.995754],[55.001638,24.996202],[54.999034,24.996243],[54.997813,24.996243],[54.997,24.995673],[54.996918,24.995307],[54.997162,24.994289],[54.997732,24.99433],[54.998871,24.994737],[54.999441,24.994737],[55.001313,24.992051],[55.009369,24.978095],[55.01002,24.977484],[55.011404,24.976955],[55.011567,24.976549],[55.011241,24.976142],[55.009613,24.974921],[55.009369,24.974636],[55.009613,24.974229],[55.010753,24.973415],[55.011892,24.974107],[55.013031,24.974677],[55.015961,24.976223],[55.017751,24.97724],[55.01824,24.97838],[55.017833,24.978705],[55.01767,24.981147],[55.017751,24.984687],[55.018077,24.985826],[55.018809,24.98607],[55.019298,24.986314],[55.021495,24.989691],[55.019705,24.990831],[55.02003,24.991197],[55.020763,24.990831],[55.022472,24.993964],[55.023774,24.997097],[55.025076,25.000963],[55.02532,25.004991],[55.024994,25.009141],[55.023774,25.011664],[55.022716,25.013495],[55.022716,25.014065],[55.023774,25.014716],[55.022309,25.01675],[55.021088,25.015937],[55.021088,25.016506],[55.021088,25.017198],[55.018484,25.019436],[55.015636,25.021918],[55.013113,25.023179],[55.011078,25.024563],[55.00766,25.025417],[55.004324,25.026353],[55.000906,25.026435],[54.997,25.026435],[54.994477,25.026435],[54.994314,25.025865],[54.993907,25.025946],[54.99464,25.029812],[55.000092,25.029975],[55.005138,25.029405],[55.009451,25.028388],[55.014659,25.026475],[55.017263,25.024807],[55.022146,25.021064],[55.024343,25.018663],[55.024587,25.018134],[55.023529,25.017605],[55.024994,25.015408],[55.027761,25.016995],[55.028412,25.016954],[55.032237,25.014472],[55.034272,25.013088],[55.036388,25.011583],[55.036388,25.011176],[55.035818,25.011461],[55.034109,25.012885],[55.031993,25.014146],[55.028412,25.016628],[55.027761,25.016628],[55.026215,25.01557],[55.027273,25.013495],[55.028087,25.011461],[55.028901,25.007717],[55.029145,25.003933],[55.028901,25.001207],[55.028494,24.998236],[55.028005,24.997056],[55.028087,24.996894],[55.029959,24.996243],[55.030284,24.996405],[55.030772,24.998725],[55.031261,25.00141],[55.031505,25.005032],[55.031016,25.010403],[55.030121,25.010606],[55.030121,25.010972],[55.031179,25.011583],[55.031586,25.011583],[55.031586,25.011217],[55.031423,25.01081],[55.031505,25.010199],[55.03183,25.004991],[55.031586,25.001085],[55.031179,24.998521],[55.030284,24.995225],[55.027761,24.989814],[55.027843,24.989488],[55.027843,24.989285],[55.026459,24.989163],[55.026541,24.989488],[55.026947,24.989651],[55.027354,24.989814],[55.029796,24.994737],[55.029633,24.995185],[55.028168,24.995673],[55.027599,24.995673],[55.026378,24.992743],[55.024181,24.989163],[55.023041,24.989081],[55.022472,24.989],[55.022227,24.988878],[55.020518,24.986029],[55.020356,24.984036],[55.020356,24.980821],[55.020518,24.979722],[55.021007,24.978583],[55.02003,24.977647],[55.017996,24.976508],[55.015798,24.975328],[55.014008,24.974351],[55.010753,24.972602],[55.00587,24.969916],[55.003347,24.969143],[54.99936,24.967963],[54.994965,24.966661],[54.992849,24.96601]]]}},{"type":"Feature","properties":{},"geometry":{"type":"Polygon","coordinates":[[[55.051117,25.035386],[55.043305,25.029934],[55.046397,25.026882],[55.063731,25.039333],[55.062592,25.041897],[55.052664,25.036322],[55.062918,25.042548],[55.065929,25.034613],[55.04656,25.023301],[55.041921,25.029405],[55.051117,25.035386]]]}},{"type":"Feature","properties":{},"geometry":{"type":"Polygon","coordinates":[[[55.146007,25.088202],[55.145518,25.088039],[55.1456,25.088487],[55.145274,25.089342],[55.144786,25.089464],[55.144135,25.090033],[55.144135,25.090806],[55.144542,25.091335],[55.146007,25.092434],[55.147553,25.094184],[55.148692,25.095038],[55.149099,25.09573],[55.149506,25.096055],[55.149587,25.095486],[55.149425,25.094835],[55.149343,25.094184],[55.147797,25.092719],[55.146332,25.090806],[55.146007,25.090155],[55.146007,25.089464],[55.146007,25.088202]]]}},{"type":"Feature","properties":{},"geometry":{"type":"Polygon","coordinates":[[[55.121918,25.096096],[55.122651,25.096055],[55.123383,25.095689],[55.12558,25.094468],[55.127208,25.093899],[55.129893,25.093533],[55.132172,25.093573],[55.135183,25.093736],[55.138357,25.094346],[55.139171,25.094468],[55.139985,25.094021],[55.140636,25.09337],[55.141124,25.092882],[55.141449,25.092882],[55.141856,25.092963],[55.142019,25.093166],[55.1421,25.093411],[55.1421,25.094021],[55.1421,25.094306],[55.141856,25.094387],[55.141856,25.094591],[55.142019,25.094672],[55.1421,25.094631],[55.142426,25.094265],[55.142507,25.093858],[55.142507,25.093207],[55.142182,25.092882],[55.141368,25.092434],[55.138031,25.091579],[55.134451,25.091213],[55.130707,25.091091],[55.127696,25.091376],[55.125255,25.091864],[55.12379,25.092515],[55.121837,25.093492],[55.120209,25.094794],[55.120128,25.095282],[55.120372,25.096869],[55.12143,25.096259],[55.121918,25.096096]]]}},{"type":"Feature","properties":{},"geometry":{"type":"Polygon","coordinates":[[[55.164561,25.110745],[55.165375,25.11046],[55.165375,25.110093],[55.164724,25.110053],[55.164236,25.109646],[55.163666,25.10928],[55.162852,25.10928],[55.16269,25.108995],[55.161794,25.108791],[55.162283,25.108507],[55.162039,25.107978],[55.161469,25.108181],[55.161143,25.107815],[55.160899,25.107082],[55.160655,25.106228],[55.160411,25.106309],[55.16033,25.106798],[55.15976,25.106757],[55.159434,25.106309],[55.159353,25.105821],[55.158621,25.105577],[55.158214,25.105373],[55.157888,25.105618],[55.158051,25.105943],[55.159028,25.107082],[55.160085,25.108425],[55.161306,25.109524],[55.161469,25.11046],[55.16155,25.11107],[55.162446,25.111192],[55.163585,25.111233],[55.164561,25.110745]]]}},{"type":"Feature","properties":{},"geometry":{"type":"Polygon","coordinates":[[[55.155447,25.0963],[55.154633,25.096503],[55.153901,25.096829],[55.147634,25.101671],[55.145274,25.103217],[55.144786,25.103217],[55.144054,25.103054],[55.143077,25.103135],[55.142507,25.103135],[55.141449,25.103176],[55.14088,25.103502],[55.141043,25.104234],[55.142589,25.106309],[55.142182,25.106798],[55.141694,25.107571],[55.141449,25.108059],[55.14088,25.108629],[55.140636,25.109442],[55.14088,25.109687],[55.14088,25.11046],[55.140554,25.110582],[55.140229,25.110053],[55.13974,25.108425],[55.139334,25.105089],[55.139415,25.102891],[55.13974,25.100938],[55.140473,25.099351],[55.140473,25.098822],[55.139822,25.098456],[55.139008,25.098538],[55.138357,25.100369],[55.138031,25.102688],[55.138357,25.107327],[55.138682,25.109442],[55.139171,25.110663],[55.138845,25.110826],[55.138357,25.110663],[55.137706,25.109076],[55.136567,25.105821],[55.136241,25.10342],[55.136078,25.101426],[55.136404,25.098741],[55.136322,25.097886],[55.135671,25.097602],[55.135102,25.097561],[55.134451,25.098212],[55.134451,25.100491],[55.134858,25.10399],[55.136404,25.108507],[55.137462,25.110216],[55.137869,25.11107],[55.13795,25.111477],[55.137869,25.111599],[55.137462,25.111477],[55.136811,25.110745],[55.135102,25.108791],[55.133311,25.105699],[55.132253,25.103339],[55.131684,25.100979],[55.13144,25.098619],[55.13144,25.097805],[55.131114,25.097398],[55.130544,25.097235],[55.1303,25.097602],[55.130382,25.098009],[55.130382,25.100775],[55.131114,25.103339],[55.131765,25.105048],[55.133149,25.107652],[55.135346,25.110622],[55.136404,25.111762],[55.136811,25.112128],[55.137136,25.112413],[55.136729,25.112698],[55.136404,25.112616],[55.135671,25.112006],[55.132091,25.108995],[55.129893,25.106309],[55.128917,25.104397],[55.12794,25.102078],[55.127696,25.100816],[55.127615,25.098822],[55.127208,25.09809],[55.126475,25.097846],[55.125987,25.098212],[55.125824,25.099189],[55.125987,25.100287],[55.126638,25.102525],[55.127615,25.105089],[55.128835,25.107327],[55.131033,25.109849],[55.135102,25.11282],[55.13559,25.113105],[55.135753,25.113471],[55.13559,25.113674],[55.135346,25.113796],[55.134939,25.113511],[55.132823,25.112616],[55.130056,25.110867],[55.127452,25.108385],[55.125499,25.106309],[55.123871,25.104153],[55.12322,25.102484],[55.122406,25.101996],[55.121755,25.102078],[55.12143,25.102484],[55.121349,25.103339],[55.121918,25.104397],[55.123546,25.106513],[55.126069,25.109117],[55.128917,25.111436],[55.132253,25.113471],[55.134125,25.114122],[55.134369,25.114325],[55.134288,25.114569],[55.133718,25.114651],[55.131684,25.113959],[55.129242,25.113227],[55.126475,25.112006],[55.123871,25.109931],[55.122244,25.108507],[55.121511,25.10814],[55.120697,25.108425],[55.120616,25.109198],[55.121593,25.110297],[55.125336,25.112576],[55.128754,25.114163],[55.132009,25.114895],[55.132579,25.11518],[55.132579,25.115465],[55.132335,25.115871],[55.131684,25.115749],[55.129568,25.115749],[55.127126,25.11522],[55.125255,25.114732],[55.123057,25.113878],[55.122406,25.114244],[55.122406,25.114854],[55.123383,25.115587],[55.126069,25.11636],[55.128591,25.116767],[55.130951,25.116645],[55.13087,25.117296],[55.130544,25.117499],[55.129568,25.117703],[55.128347,25.117703],[55.125987,25.117418],[55.124848,25.117499],[55.12436,25.117987],[55.12436,25.11872],[55.125011,25.118964],[55.126313,25.119045],[55.126801,25.119249],[55.126801,25.119859],[55.12672,25.120185],[55.126394,25.120551],[55.126313,25.121243],[55.126882,25.121772],[55.127533,25.121772],[55.128103,25.121365],[55.128429,25.121324],[55.128835,25.121324],[55.129161,25.121731],[55.128917,25.123603],[55.129487,25.12401],[55.130219,25.123887],[55.130544,25.123033],[55.130382,25.121812],[55.130544,25.120754],[55.130707,25.120266],[55.131521,25.119249],[55.131684,25.11872],[55.131847,25.118557],[55.132172,25.118557],[55.132253,25.118923],[55.132172,25.120022],[55.132091,25.122585],[55.132335,25.125718],[55.132823,25.126288],[55.133393,25.126288],[55.133718,25.125881],[55.133311,25.122504],[55.133393,25.117174],[55.133718,25.116767],[55.134125,25.116767],[55.134288,25.117662],[55.134451,25.120266],[55.135183,25.122748],[55.136322,25.12519],[55.137869,25.127875],[55.138357,25.128689],[55.139171,25.128811],[55.139985,25.128282],[55.140229,25.127712],[55.139659,25.126858],[55.137462,25.124335],[55.136078,25.121609],[55.135671,25.119737],[55.135346,25.116604],[55.135346,25.115871],[55.135346,25.115627],[55.135753,25.115587],[55.135916,25.115749],[55.135997,25.116645],[55.136404,25.117906],[55.137543,25.120103],[55.138682,25.122056],[55.140473,25.124579],[55.142996,25.127265],[55.144542,25.128607],[55.145518,25.128892],[55.146251,25.128567],[55.146332,25.127997],[55.145681,25.127387],[55.143728,25.126288],[55.141856,25.124335],[55.140473,25.122545],[55.138276,25.119534],[55.137055,25.116563],[55.136729,25.115098],[55.136729,25.114732],[55.136892,25.114651],[55.137218,25.114895],[55.138031,25.116441],[55.139415,25.118964],[55.141287,25.120714],[55.14446,25.123236],[55.147553,25.124905],[55.149099,25.125759],[55.150727,25.126207],[55.151378,25.126207],[55.151622,25.125434],[55.151378,25.124905],[55.150564,25.12462],[55.148123,25.123806],[55.14503,25.122097],[55.141856,25.119615],[55.140473,25.117784],[55.137869,25.114366],[55.137869,25.114081],[55.138194,25.113959],[55.138682,25.114163],[55.14088,25.1164],[55.143565,25.11872],[55.146251,25.120388],[55.148774,25.121568],[55.15268,25.122789],[55.153168,25.122341],[55.15325,25.121853],[55.15325,25.121446],[55.15268,25.121161],[55.149425,25.120266],[55.146983,25.119289],[55.144216,25.117784],[55.141449,25.115749],[55.139334,25.113593],[55.139171,25.113227],[55.139171,25.112942],[55.139496,25.112942],[55.140147,25.113308],[55.142019,25.114732],[55.144786,25.116278],[55.148204,25.117296],[55.151541,25.118109],[55.15268,25.118354],[55.153575,25.118272],[55.153901,25.117865],[55.153901,25.117296],[55.153494,25.116848],[55.151622,25.116807],[55.148529,25.116156],[55.145274,25.115098],[55.142182,25.113634],[55.140798,25.112616],[55.14031,25.112047],[55.14031,25.111843],[55.140636,25.111843],[55.141287,25.112209],[55.142914,25.113227],[55.145681,25.114285],[55.147553,25.114529],[55.153168,25.114529],[55.153494,25.11404],[55.153494,25.113511],[55.153168,25.113227],[55.152436,25.113186],[55.148204,25.113227],[55.145518,25.112982],[55.142751,25.112006],[55.1421,25.111477],[55.141856,25.110989],[55.142914,25.110338],[55.143403,25.110297],[55.144216,25.11046],[55.144786,25.110216],[55.145356,25.10989],[55.145518,25.109239],[55.145925,25.109198],[55.146414,25.109198],[55.146658,25.109565],[55.146739,25.110216],[55.148123,25.111762],[55.148692,25.111518],[55.148936,25.110297],[55.149262,25.109076],[55.148285,25.108262],[55.148692,25.107896],[55.150564,25.106431],[55.151378,25.106187],[55.15211,25.106513],[55.15268,25.107082],[55.152761,25.107489],[55.153168,25.107571],[55.153494,25.107611],[55.153819,25.107937],[55.153819,25.108262],[55.153819,25.108507],[55.154063,25.108507],[55.155203,25.10753],[55.155121,25.107327],[55.154959,25.107245],[55.154307,25.107408],[55.153901,25.107367],[55.153901,25.107001],[55.153901,25.106676],[55.153819,25.106513],[55.15325,25.106309],[55.152924,25.105821],[55.152843,25.105496],[55.152924,25.105007],[55.15561,25.103135],[55.157807,25.101223],[55.158621,25.099799],[55.158621,25.099026],[55.158295,25.098456],[55.156749,25.096706],[55.156098,25.096381],[55.155447,25.0963]]]}},{"type":"Feature","properties":{},"geometry":{"type":"Polygon","coordinates":[[[55.155284,25.130316],[55.155528,25.130439],[55.156016,25.130032],[55.158376,25.126736],[55.160167,25.123358],[55.160818,25.119289],[55.160655,25.116156],[55.160411,25.113349],[55.160004,25.112698],[55.159434,25.112291],[55.159028,25.112291],[55.158376,25.112413],[55.157888,25.112779],[55.158132,25.113023],[55.158621,25.112779],[55.159028,25.112616],[55.159434,25.11282],[55.159841,25.113105],[55.160004,25.113511],[55.160004,25.113715],[55.158539,25.114244],[55.158214,25.114569],[55.158376,25.118232],[55.158539,25.121039],[55.158051,25.123155],[55.156749,25.125556],[55.15504,25.128119],[55.153982,25.129096],[55.154145,25.129421],[55.155284,25.130316]]]}},{"type":"Feature","properties":{},"geometry":{"type":"Polygon","coordinates":[[[55.1185,25.096584],[55.118093,25.096544],[55.117035,25.097886],[55.115652,25.09988],[55.114757,25.101833],[55.114187,25.104763],[55.113943,25.109565],[55.114187,25.113023],[55.115082,25.116278],[55.11671,25.119412],[55.118337,25.121568],[55.121349,25.125596],[55.12322,25.127387],[55.125255,25.129055],[55.12794,25.13113],[55.130219,25.132554],[55.134125,25.134182],[55.136404,25.134792],[55.139171,25.135077],[55.143077,25.135118],[55.145681,25.134914],[55.147878,25.134508],[55.149587,25.133897],[55.152924,25.132554],[55.153982,25.131781],[55.153982,25.131374],[55.152761,25.130194],[55.152354,25.130235],[55.150727,25.131293],[55.148204,25.132148],[55.145518,25.132636],[55.141287,25.132799],[55.138601,25.132717],[55.137055,25.13231],[55.13559,25.131578],[55.134288,25.130154],[55.133311,25.129625],[55.132253,25.129747],[55.13144,25.129706],[55.130544,25.129503],[55.128754,25.128079],[55.12558,25.125759],[55.122976,25.122585],[55.120291,25.119534],[55.118988,25.117377],[55.117605,25.114651],[55.116466,25.11168],[55.116466,25.108791],[55.116791,25.105821],[55.117279,25.102688],[55.118175,25.100694],[55.118419,25.100409],[55.118093,25.100124],[55.118744,25.099392],[55.11907,25.098741],[55.118826,25.097561],[55.1185,25.096584]]]}},{"type":"Feature","properties":{},"geometry":{"type":"Polygon","coordinates":[[[55.171153,25.179999],[55.169281,25.179104],[55.166677,25.178656],[55.163748,25.178819],[55.157725,25.178738],[55.156016,25.178534],[55.153982,25.178534],[55.151703,25.178941],[55.149913,25.179755],[55.145518,25.181342],[55.144216,25.181871],[55.142914,25.182807],[55.141368,25.185696],[55.140473,25.187283],[55.140147,25.187812],[55.140473,25.188056],[55.141694,25.186021],[55.143321,25.183173],[55.144379,25.182278],[55.145518,25.181993],[55.150238,25.180243],[55.151622,25.179592],[55.153819,25.179023],[55.155528,25.178941],[55.1574,25.179185],[55.163748,25.179389],[55.166596,25.179185],[55.168875,25.179511],[55.170746,25.180325],[55.171641,25.18122],[55.172211,25.182359],[55.172374,25.183824],[55.172293,25.184678],[55.172374,25.185614],[55.17335,25.185574],[55.17335,25.184068],[55.173106,25.183173],[55.172862,25.182196],[55.171723,25.180528],[55.171153,25.179999]]]}},{"type":"Feature","properties":{},"geometry":{"type":"Polygon","coordinates":[[[55.177419,25.189846],[55.177664,25.190619],[55.178559,25.190701],[55.179291,25.190294],[55.179617,25.189927],[55.179047,25.189683],[55.177419,25.189846]]]}},{"type":"Feature","properties":{},"geometry":{"type":"Polygon","coordinates":[[[55.177419,25.182034],[55.176117,25.181871],[55.175629,25.181627],[55.174978,25.181627],[55.174734,25.182034],[55.177094,25.183254],[55.178152,25.183295],[55.179698,25.183498],[55.181977,25.184556],[55.185069,25.186428],[55.186534,25.187161],[55.187755,25.187364],[55.188487,25.18773],[55.190115,25.188829],[55.190847,25.189561],[55.191173,25.190212],[55.191987,25.190741],[55.192638,25.190741],[55.192963,25.19009],[55.192393,25.189439],[55.19158,25.189276],[55.190684,25.188503],[55.188731,25.187161],[55.187185,25.18651],[55.185313,25.185818],[55.182302,25.184231],[55.179861,25.182969],[55.177826,25.181993],[55.177419,25.182034]]]}},{"type":"Feature","properties":{},"geometry":{"type":"Polygon","coordinates":[[[55.185557,25.188829],[55.184418,25.18891],[55.184174,25.189276],[55.184662,25.190294],[55.186127,25.190823],[55.187022,25.190497],[55.187266,25.189805],[55.187022,25.189195],[55.185802,25.189073],[55.185557,25.188829]]]}},{"type":"Feature","properties":{},"geometry":{"type":"Polygon","coordinates":[[[55.179617,25.190823],[55.178559,25.191067],[55.178233,25.191352],[55.178559,25.191677],[55.17921,25.191799],[55.179861,25.191474],[55.179617,25.190823]]]}},{"type":"Feature","properties":{},"geometry":{"type":"Polygon","coordinates":[[[55.176606,25.190416],[55.17571,25.190619],[55.175466,25.190823],[55.175141,25.191311],[55.175873,25.19184],[55.176687,25.191596],[55.176768,25.190823],[55.176606,25.190416]]]}},{"type":"Feature","properties":{},"geometry":{"type":"Polygon","coordinates":[[[55.175385,25.19241],[55.175385,25.191962],[55.175059,25.191881],[55.174653,25.191962],[55.174164,25.19241],[55.173839,25.193101],[55.174327,25.193508],[55.174978,25.193142],[55.175385,25.19241]]]}},{"type":"Feature","properties":{},"geometry":{"type":"Polygon","coordinates":[[[55.183116,25.187527],[55.182221,25.187161],[55.181651,25.187527],[55.18157,25.188218],[55.181651,25.189561],[55.182221,25.190375],[55.182791,25.191514],[55.182465,25.192735],[55.183035,25.19363],[55.184093,25.193671],[55.186046,25.192898],[55.186697,25.192125],[55.186615,25.191596],[55.184906,25.191433],[55.183442,25.190701],[55.182953,25.189073],[55.183116,25.188178],[55.183116,25.187527]]]}},{"type":"Feature","properties":{},"geometry":{"type":"Polygon","coordinates":[[[55.177664,25.192613],[55.177094,25.192125],[55.176687,25.192328],[55.176199,25.192939],[55.176199,25.193427],[55.176931,25.193752],[55.177664,25.193386],[55.177664,25.192613]]]}},{"type":"Feature","properties":{},"geometry":{"type":"Polygon","coordinates":[[[55.179942,25.19241],[55.179047,25.192491],[55.179047,25.19302],[55.179373,25.193671],[55.180349,25.194078],[55.181,25.193671],[55.180512,25.192939],[55.179942,25.19241]]]}},{"type":"Feature","properties":{},"geometry":{"type":"Polygon","coordinates":[[[55.173595,25.194281],[55.173595,25.193793],[55.173513,25.193549],[55.173106,25.193549],[55.172455,25.193752],[55.171641,25.194281],[55.171641,25.194932],[55.172048,25.195299],[55.173188,25.194932],[55.173595,25.194281]]]}},{"type":"Feature","properties":{},"geometry":{"type":"Polygon","coordinates":[[[55.157563,25.194892],[55.156749,25.194566],[55.156098,25.194892],[55.155772,25.195705],[55.156423,25.195705],[55.156749,25.195868],[55.157237,25.196194],[55.157725,25.196112],[55.157807,25.195461],[55.157563,25.194892]]]}},{"type":"Feature","properties":{},"geometry":{"type":"Polygon","coordinates":[[[55.176117,25.193996],[55.175629,25.193956],[55.175304,25.194241],[55.174571,25.194932],[55.173513,25.195705],[55.173595,25.196194],[55.174327,25.196112],[55.175629,25.195217],[55.176199,25.194485],[55.176117,25.193996]]]}},{"type":"Feature","properties":{},"geometry":{"type":"Polygon","coordinates":[[[55.159028,25.195421],[55.158621,25.195705],[55.158621,25.196234],[55.160085,25.196316],[55.160655,25.196112],[55.160818,25.195502],[55.159028,25.195421]]]}},{"type":"Feature","properties":{},"geometry":{"type":"Polygon","coordinates":[[[55.154063,25.194892],[55.15325,25.194892],[55.15268,25.195136],[55.151622,25.195746],[55.150727,25.196153],[55.150727,25.196519],[55.150971,25.196763],[55.151703,25.196763],[55.152924,25.196194],[55.153819,25.195868],[55.154063,25.195502],[55.154063,25.194892]]]}},{"type":"Feature","properties":{},"geometry":{"type":"Polygon","coordinates":[[[55.16977,25.195136],[55.168956,25.195095],[55.168549,25.195502],[55.168793,25.196031],[55.169444,25.196967],[55.170014,25.196967],[55.170421,25.196519],[55.170502,25.196031],[55.16977,25.195136]]]}},{"type":"Feature","properties":{},"geometry":{"type":"Polygon","coordinates":[[[55.176199,25.196234],[55.175792,25.19599],[55.175141,25.196072],[55.174815,25.196763],[55.175304,25.197252],[55.176199,25.197008],[55.176199,25.196234]]]}},{"type":"Feature","properties":{},"geometry":{"type":"Polygon","coordinates":[[[55.150157,25.196194],[55.149343,25.196357],[55.148367,25.196682],[55.147797,25.197048],[55.147634,25.197618],[55.148285,25.197781],[55.149262,25.197537],[55.150157,25.19717],[55.150564,25.19656],[55.150157,25.196194]]]}},{"type":"Feature","properties":{},"geometry":{"type":"Polygon","coordinates":[[[55.167491,25.196316],[55.166921,25.19599],[55.16627,25.196072],[55.165863,25.196682],[55.165863,25.197089],[55.166677,25.197903],[55.167654,25.197984],[55.168061,25.197781],[55.168142,25.197089],[55.167491,25.196316]]]}},{"type":"Feature","properties":{},"geometry":{"type":"Polygon","coordinates":[[[55.173106,25.197252],[55.172537,25.197089],[55.171967,25.197089],[55.171397,25.197252],[55.17156,25.197943],[55.172048,25.198513],[55.17335,25.198554],[55.174001,25.19835],[55.174246,25.197781],[55.17392,25.197414],[55.173106,25.197252]]]}},{"type":"Feature","properties":{},"geometry":{"type":"Polygon","coordinates":[[[55.153575,25.197537],[55.152924,25.197903],[55.15211,25.197821],[55.15211,25.19831],[55.152436,25.198839],[55.153005,25.198757],[55.153575,25.198228],[55.154145,25.197618],[55.154633,25.197414],[55.154796,25.197089],[55.154714,25.196682],[55.153656,25.197008],[55.153575,25.197537]]]}},{"type":"Feature","properties":{},"geometry":{"type":"Polygon","coordinates":[[[55.151052,25.19835],[55.150727,25.198188],[55.150401,25.198188],[55.150401,25.198635],[55.150727,25.198961],[55.150971,25.198839],[55.151052,25.19835]]]}},{"type":"Feature","properties":{},"geometry":{"type":"Polygon","coordinates":[[[55.157156,25.198106],[55.156668,25.197537],[55.156098,25.197821],[55.155284,25.198269],[55.15504,25.198635],[55.155121,25.199164],[55.155854,25.199408],[55.156749,25.19892],[55.157156,25.198106]]]}},{"type":"Feature","properties":{},"geometry":{"type":"Polygon","coordinates":[[[55.170828,25.198065],[55.170258,25.197821],[55.169688,25.197699],[55.169037,25.198188],[55.168305,25.198676],[55.168305,25.199408],[55.1692,25.199856],[55.170177,25.199368],[55.170177,25.198839],[55.170828,25.198065]]]}},{"type":"Feature","properties":{},"geometry":{"type":"Polygon","coordinates":[[[55.147634,25.19949],[55.147309,25.199001],[55.146495,25.199042],[55.145681,25.19953],[55.145925,25.2001],[55.146658,25.200385],[55.147309,25.200222],[55.147634,25.19949]]]}},{"type":"Feature","properties":{},"geometry":{"type":"Polygon","coordinates":[[[55.172048,25.199327],[55.171153,25.199083],[55.170909,25.199164],[55.170828,25.199571],[55.171235,25.200222],[55.171967,25.200466],[55.172455,25.200263],[55.172699,25.199774],[55.172048,25.199327]]]}},{"type":"Feature","properties":{},"geometry":{"type":"Polygon","coordinates":[[[55.17571,25.198757],[55.175466,25.198106],[55.174978,25.198188],[55.174653,25.198757],[55.174571,25.199327],[55.174164,25.200181],[55.174653,25.200466],[55.175385,25.199856],[55.17571,25.198757]]]}},{"type":"Feature","properties":{},"geometry":{"type":"Polygon","coordinates":[[[55.149587,25.198839],[55.148936,25.198839],[55.148529,25.199205],[55.148692,25.199693],[55.149262,25.200263],[55.14975,25.200792],[55.150401,25.200751],[55.150238,25.200181],[55.149832,25.199774],[55.149587,25.198839]]]}},{"type":"Feature","properties":{},"geometry":{"type":"Polygon","coordinates":[[[55.165782,25.198472],[55.165131,25.198391],[55.164399,25.198839],[55.164317,25.199571],[55.165375,25.200466],[55.165945,25.200792],[55.166596,25.199978],[55.166677,25.199327],[55.165782,25.198472]]]}},{"type":"Feature","properties":{},"geometry":{"type":"Polygon","coordinates":[[[55.151622,25.200181],[55.151296,25.200873],[55.151378,25.201361],[55.152354,25.201402],[55.153168,25.20128],[55.153575,25.200792],[55.153575,25.200222],[55.153005,25.199856],[55.151622,25.200181]]]}},{"type":"Feature","properties":{},"geometry":{"type":"Polygon","coordinates":[[[55.163097,25.2001],[55.162852,25.199978],[55.162446,25.2001],[55.16269,25.200629],[55.163666,25.201402],[55.163992,25.201077],[55.163992,25.20067],[55.163097,25.2001]]]}},{"type":"Feature","properties":{},"geometry":{"type":"Polygon","coordinates":[[[55.16863,25.200222],[55.167979,25.2001],[55.167328,25.2001],[55.166921,25.200548],[55.166921,25.201077],[55.167166,25.201606],[55.167979,25.201606],[55.168793,25.201402],[55.168956,25.200832],[55.16863,25.200222]]]}},{"type":"Feature","properties":{},"geometry":{"type":"Polygon","coordinates":[[[55.157481,25.200344],[55.156993,25.2001],[55.156423,25.200263],[55.155528,25.200914],[55.154796,25.200954],[55.154389,25.201158],[55.154389,25.201687],[55.154633,25.202053],[55.155284,25.202094],[55.155935,25.201972],[55.156342,25.201646],[55.156749,25.201239],[55.157237,25.200995],[55.157481,25.200344]]]}},{"type":"Feature","properties":{},"geometry":{"type":"Polygon","coordinates":[[[55.148692,25.20128],[55.148204,25.200751],[55.147797,25.200792],[55.147309,25.201077],[55.147146,25.201646],[55.147634,25.202257],[55.148367,25.202135],[55.148692,25.20128]]]}},{"type":"Feature","properties":{},"geometry":{"type":"Polygon","coordinates":[[[55.165782,25.201728],[55.165131,25.201728],[55.164887,25.202094],[55.165538,25.202541],[55.166189,25.202541],[55.16627,25.202216],[55.165782,25.201728]]]}},{"type":"Feature","properties":{},"geometry":{"type":"Polygon","coordinates":[[[55.171153,25.201077],[55.170421,25.201077],[55.16977,25.201077],[55.169688,25.201483],[55.16977,25.202053],[55.170746,25.202623],[55.171641,25.202663],[55.171967,25.202297],[55.171967,25.201809],[55.171153,25.201077]]]}},{"type":"Feature","properties":{},"geometry":{"type":"Polygon","coordinates":[[[55.151052,25.202541],[55.151296,25.202053],[55.150727,25.201728],[55.150483,25.201809],[55.14975,25.202419],[55.150238,25.203437],[55.150645,25.203559],[55.151052,25.203233],[55.151052,25.202541]]]}},{"type":"Feature","properties":{},"geometry":{"type":"Polygon","coordinates":[[[55.174164,25.201972],[55.173839,25.201524],[55.173432,25.201524],[55.172374,25.202623],[55.172048,25.203274],[55.172374,25.203599],[55.173025,25.203721],[55.17392,25.202867],[55.174164,25.201972]]]}},{"type":"Feature","properties":{},"geometry":{"type":"Polygon","coordinates":[[[55.153331,25.202745],[55.153168,25.202541],[55.152761,25.202541],[55.152192,25.202867],[55.152029,25.203233],[55.152029,25.203681],[55.152354,25.203884],[55.153168,25.203681],[55.153331,25.203437],[55.153331,25.202745]]]}},{"type":"Feature","properties":{},"geometry":{"type":"Polygon","coordinates":[[[55.15919,25.201687],[55.158539,25.201239],[55.158051,25.201239],[55.157807,25.201606],[55.157725,25.202379],[55.158051,25.202623],[55.158132,25.202948],[55.157888,25.203315],[55.157888,25.20364],[55.158051,25.204169],[55.158539,25.204291],[55.159028,25.204088],[55.15919,25.203477],[55.158621,25.203111],[55.158865,25.202704],[55.15919,25.202541],[55.15919,25.201687]]]}},{"type":"Feature","properties":{},"geometry":{"type":"Polygon","coordinates":[[[55.153982,25.20364],[55.153901,25.204169],[55.154389,25.204332],[55.154796,25.20425],[55.155528,25.204006],[55.15561,25.203437],[55.154959,25.203437],[55.154389,25.203355],[55.153982,25.20364]]]}},{"type":"Feature","properties":{},"geometry":{"type":"Polygon","coordinates":[[[55.147065,25.20303],[55.146495,25.202786],[55.145925,25.202786],[55.1456,25.20364],[55.145844,25.204291],[55.146495,25.204901],[55.147309,25.204861],[55.147553,25.203843],[55.147065,25.20303]]]}},{"type":"Feature","properties":{},"geometry":{"type":"Polygon","coordinates":[[[55.149343,25.203274],[55.148529,25.20303],[55.148285,25.203274],[55.148285,25.203721],[55.148692,25.20425],[55.149099,25.204983],[55.149913,25.205105],[55.150401,25.204861],[55.150076,25.204088],[55.149343,25.203274]]]}},{"type":"Feature","properties":{},"geometry":{"type":"Polygon","coordinates":[[[55.158946,25.204942],[55.158051,25.204942],[55.157237,25.205064],[55.157237,25.205634],[55.157807,25.205675],[55.158051,25.206],[55.158621,25.206122],[55.159272,25.205797],[55.159272,25.20539],[55.158946,25.204942]]]}},{"type":"Feature","properties":{},"geometry":{"type":"Polygon","coordinates":[[[55.156098,25.204901],[55.156016,25.204413],[55.15561,25.204332],[55.155203,25.204657],[55.155121,25.205268],[55.155203,25.205959],[55.15561,25.206244],[55.156098,25.205878],[55.156098,25.204901]]]}},{"type":"Feature","properties":{},"geometry":{"type":"Polygon","coordinates":[[[55.147553,25.205797],[55.146983,25.205797],[55.1456,25.206285],[55.145193,25.206977],[55.145518,25.207343],[55.145925,25.207343],[55.146983,25.20718],[55.147553,25.206407],[55.147553,25.205797]]]}},{"type":"Feature","properties":{},"geometry":{"type":"Polygon","coordinates":[[[55.153575,25.205797],[55.152924,25.205959],[55.152354,25.206529],[55.15268,25.207261],[55.153819,25.207465],[55.154063,25.207424],[55.154389,25.206895],[55.154145,25.206204],[55.153575,25.205797]]]}},{"type":"Feature","properties":{},"geometry":{"type":"Polygon","coordinates":[[[55.150483,25.205959],[55.150157,25.205878],[55.149587,25.206],[55.149099,25.206326],[55.148204,25.207424],[55.148285,25.207994],[55.149343,25.208035],[55.149506,25.207506],[55.14975,25.207099],[55.150564,25.20718],[55.15089,25.206773],[55.150727,25.206488],[55.150483,25.205959]]]}},{"type":"Feature","properties":{},"geometry":{"type":"Polygon","coordinates":[[[55.159272,25.207099],[55.158539,25.207506],[55.158214,25.20775],[55.158051,25.208157],[55.158621,25.208157],[55.15976,25.208157],[55.160167,25.207831],[55.159679,25.207424],[55.159272,25.207099]]]}},{"type":"Feature","properties":{},"geometry":{"type":"Polygon","coordinates":[[[55.17571,25.206936],[55.174734,25.206529],[55.174327,25.206651],[55.174327,25.207668],[55.175059,25.208157],[55.175629,25.208157],[55.175873,25.207587],[55.17571,25.206936]]]}},{"type":"Feature","properties":{},"geometry":{"type":"Polygon","coordinates":[[[55.157074,25.207587],[55.156098,25.207913],[55.155854,25.208319],[55.155447,25.208319],[55.154714,25.208482],[55.154959,25.20897],[55.156423,25.209011],[55.156993,25.208645],[55.157237,25.208116],[55.157074,25.207587]]]}},{"type":"Feature","properties":{},"geometry":{"type":"Polygon","coordinates":[[[55.186046,25.20657],[55.184906,25.206407],[55.18393,25.206773],[55.183116,25.207424],[55.182465,25.207424],[55.182221,25.207831],[55.182221,25.208319],[55.183116,25.209418],[55.183849,25.209215],[55.184093,25.208645],[55.183849,25.207953],[55.184744,25.207424],[55.185802,25.207465],[55.186371,25.20718],[55.186046,25.20657]]]}},{"type":"Feature","properties":{},"geometry":{"type":"Polygon","coordinates":[[[55.150971,25.208075],[55.150483,25.208075],[55.150483,25.208401],[55.150971,25.209011],[55.15211,25.209459],[55.152761,25.209459],[55.153005,25.209215],[55.152924,25.208848],[55.152354,25.208726],[55.151622,25.208686],[55.150971,25.208075]]]}},{"type":"Feature","properties":{},"geometry":{"type":"Polygon","coordinates":[[[55.181326,25.208604],[55.180349,25.208482],[55.179617,25.208523],[55.178884,25.208848],[55.17921,25.209459],[55.180431,25.209296],[55.18157,25.209215],[55.181326,25.208604]]]}},{"type":"Feature","properties":{},"geometry":{"type":"Polygon","coordinates":[[[55.187673,25.208401],[55.187592,25.207953],[55.187266,25.207831],[55.186453,25.207872],[55.186046,25.208401],[55.186046,25.208889],[55.186371,25.20954],[55.186941,25.20954],[55.187673,25.208401]]]}},{"type":"Feature","properties":{},"geometry":{"type":"Polygon","coordinates":[[[55.189464,25.206895],[55.189545,25.206773],[55.188813,25.206285],[55.188162,25.206285],[55.187592,25.206773],[55.187999,25.207668],[55.188406,25.208157],[55.18808,25.208645],[55.187999,25.209215],[55.188162,25.209662],[55.188731,25.209581],[55.188813,25.208889],[55.188975,25.207913],[55.189708,25.207343],[55.189464,25.206895]]]}},{"type":"Feature","properties":{},"geometry":{"type":"Polygon","coordinates":[[[55.146414,25.208401],[55.146007,25.207953],[55.145274,25.20836],[55.14446,25.209215],[55.144705,25.209744],[55.145274,25.209825],[55.146169,25.209011],[55.146414,25.208401]]]}},{"type":"Feature","properties":{},"geometry":{"type":"Polygon","coordinates":[[[55.174571,25.209052],[55.174001,25.208808],[55.173432,25.208808],[55.172699,25.208808],[55.172048,25.209459],[55.172374,25.209947],[55.173188,25.209947],[55.174164,25.209947],[55.174571,25.209052]]]}},{"type":"Feature","properties":{},"geometry":{"type":"Polygon","coordinates":[[[55.177745,25.208889],[55.176768,25.208726],[55.175792,25.209011],[55.176443,25.209662],[55.177094,25.209744],[55.178071,25.209947],[55.178477,25.209459],[55.177745,25.208889]]]}},{"type":"Feature","properties":{},"geometry":{"type":"Polygon","coordinates":[[[55.152192,25.210232],[55.151785,25.209866],[55.151296,25.209988],[55.150971,25.210598],[55.151378,25.211168],[55.15211,25.211086],[55.152436,25.210761],[55.152192,25.210232]]]}},{"type":"Feature","properties":{},"geometry":{"type":"Polygon","coordinates":[[[55.18808,25.210435],[55.187348,25.210028],[55.186534,25.210232],[55.186371,25.210761],[55.18686,25.211371],[55.187755,25.21129],[55.18808,25.210435]]]}},{"type":"Feature","properties":{},"geometry":{"type":"Polygon","coordinates":[[[55.149425,25.209662],[55.148774,25.209459],[55.148204,25.209662],[55.147634,25.21015],[55.147634,25.210598],[55.147878,25.211249],[55.149506,25.211493],[55.150157,25.211168],[55.150157,25.210679],[55.149587,25.210598],[55.149506,25.210191],[55.149425,25.209662]]]}},{"type":"Feature","properties":{},"geometry":{"type":"Polygon","coordinates":[[[55.185557,25.210435],[55.185395,25.209866],[55.185069,25.209459],[55.184581,25.209459],[55.18393,25.210313],[55.184093,25.211086],[55.184988,25.211534],[55.185557,25.21133],[55.185557,25.210435]]]}},{"type":"Feature","properties":{},"geometry":{"type":"Polygon","coordinates":[[[55.146332,25.210273],[55.145518,25.210476],[55.145193,25.210761],[55.145274,25.211493],[55.146169,25.211575],[55.146821,25.211371],[55.146983,25.210761],[55.146332,25.210273]]]}},{"type":"Feature","properties":{},"geometry":{"type":"Polygon","coordinates":[[[55.171397,25.209825],[55.171316,25.209296],[55.171153,25.209011],[55.170421,25.209011],[55.170014,25.209866],[55.16977,25.211046],[55.170502,25.211778],[55.170909,25.211778],[55.170909,25.21072],[55.171397,25.209825]]]}},{"type":"Feature","properties":{},"geometry":{"type":"Polygon","coordinates":[[[55.183442,25.210924],[55.182465,25.210679],[55.181814,25.210964],[55.181488,25.211575],[55.181895,25.212144],[55.182384,25.212388],[55.183197,25.212388],[55.183767,25.211778],[55.183442,25.210924]]]}},{"type":"Feature","properties":{},"geometry":{"type":"Polygon","coordinates":[[[55.176768,25.211453],[55.176606,25.210842],[55.176199,25.210435],[55.175466,25.210435],[55.175059,25.211127],[55.174246,25.21133],[55.173595,25.211127],[55.173106,25.211493],[55.173432,25.212348],[55.174571,25.212429],[55.175141,25.212022],[55.176524,25.212063],[55.176768,25.211453]]]}},{"type":"Feature","properties":{},"geometry":{"type":"Polygon","coordinates":[[[55.180756,25.211656],[55.179942,25.21129],[55.179698,25.211778],[55.179861,25.212266],[55.179942,25.21308],[55.180512,25.213324],[55.181488,25.212917],[55.181488,25.212307],[55.180756,25.211656]]]}},{"type":"Feature","properties":{},"geometry":{"type":"Polygon","coordinates":[[[55.185313,25.213284],[55.185069,25.212388],[55.184744,25.212429],[55.183849,25.212958],[55.183849,25.213568],[55.184255,25.213853],[55.184744,25.213813],[55.185313,25.213284]]]}},{"type":"Feature","properties":{},"geometry":{"type":"Polygon","coordinates":[[[55.187999,25.212226],[55.187592,25.211982],[55.186697,25.212348],[55.186371,25.212714],[55.186209,25.213365],[55.186534,25.213813],[55.187022,25.213975],[55.187999,25.212958],[55.187999,25.212226]]]}},{"type":"Feature","properties":{},"geometry":{"type":"Polygon","coordinates":[[[55.172048,25.212307],[55.17156,25.212063],[55.171072,25.212917],[55.170909,25.213568],[55.172048,25.214097],[55.172781,25.213894],[55.172862,25.213406],[55.173025,25.212917],[55.173188,25.212429],[55.172537,25.212348],[55.172048,25.212307]]]}},{"type":"Feature","properties":{},"geometry":{"type":"Polygon","coordinates":[[[55.200369,25.210598],[55.199474,25.209459],[55.198904,25.209418],[55.198741,25.209947],[55.199067,25.210435],[55.199636,25.211249],[55.200287,25.212226],[55.201345,25.213528],[55.202485,25.214097],[55.202647,25.213609],[55.202566,25.212795],[55.201182,25.211859],[55.200369,25.210598]]]}},{"type":"Feature","properties":{},"geometry":{"type":"Polygon","coordinates":[[[55.178722,25.212633],[55.178233,25.212063],[55.177826,25.212144],[55.177094,25.213039],[55.176687,25.213813],[55.177013,25.214179],[55.177582,25.214179],[55.178477,25.213284],[55.178722,25.212633]]]}},{"type":"Feature","properties":{},"geometry":{"type":"Polygon","coordinates":[[[55.157725,25.212795],[55.156912,25.21247],[55.156098,25.21251],[55.155854,25.213243],[55.155935,25.214423],[55.156586,25.214626],[55.157156,25.214423],[55.1574,25.213772],[55.157725,25.212795]]]}},{"type":"Feature","properties":{},"geometry":{"type":"Polygon","coordinates":[[[55.154959,25.213284],[55.154796,25.212917],[55.154145,25.212917],[55.15325,25.213731],[55.153168,25.214342],[55.153575,25.21483],[55.154145,25.214748],[55.154633,25.214179],[55.154959,25.213284]]]}},{"type":"Feature","properties":{},"geometry":{"type":"Polygon","coordinates":[[[55.168956,25.213568],[55.168142,25.213039],[55.166921,25.21369],[55.167084,25.214586],[55.168468,25.215115],[55.169363,25.214382],[55.168956,25.213568]]]}},{"type":"Feature","properties":{},"geometry":{"type":"Polygon","coordinates":[[[55.191091,25.212999],[55.190847,25.212714],[55.190359,25.212714],[55.189952,25.212714],[55.188813,25.214057],[55.18865,25.21483],[55.188975,25.215115],[55.189626,25.215115],[55.191091,25.212999]]]}},{"type":"Feature","properties":{},"geometry":{"type":"Polygon","coordinates":[[[55.176199,25.214219],[55.175873,25.213568],[55.175629,25.213813],[55.175141,25.21483],[55.175141,25.21544],[55.175955,25.215359],[55.176199,25.214219]]]}},{"type":"Feature","properties":{},"geometry":{"type":"Polygon","coordinates":[[[55.182384,25.213935],[55.181814,25.213568],[55.181,25.214097],[55.180512,25.214667],[55.180675,25.215237],[55.181244,25.215562],[55.181814,25.215155],[55.182384,25.213935]]]}},{"type":"Feature","properties":{},"geometry":{"type":"Polygon","coordinates":[[[55.146495,25.214545],[55.145925,25.214097],[55.1456,25.214057],[55.145681,25.215562],[55.146658,25.215766],[55.146739,25.215196],[55.146495,25.214545]]]}},{"type":"Feature","properties":{},"geometry":{"type":"Polygon","coordinates":[[[55.183604,25.214586],[55.183035,25.214626],[55.182628,25.21483],[55.182384,25.215522],[55.182709,25.215847],[55.18336,25.215847],[55.183767,25.215318],[55.183604,25.214586]]]}},{"type":"Feature","properties":{},"geometry":{"type":"Polygon","coordinates":[[[55.178803,25.21483],[55.178559,25.214219],[55.178152,25.214219],[55.177908,25.214545],[55.177582,25.214993],[55.177826,25.215969],[55.178396,25.215888],[55.178803,25.21483]]]}},{"type":"Feature","properties":{},"geometry":{"type":"Polygon","coordinates":[[[55.151703,25.214952],[55.151296,25.214545],[55.15089,25.214545],[55.150483,25.215115],[55.150483,25.215969],[55.15089,25.216051],[55.151541,25.215847],[55.151703,25.214952]]]}},{"type":"Feature","properties":{},"geometry":{"type":"Polygon","coordinates":[[[55.164317,25.214952],[55.163503,25.215115],[55.162852,25.216051],[55.163097,25.216579],[55.164236,25.216457],[55.164561,25.215603],[55.164317,25.214952]]]}},{"type":"Feature","properties":{},"geometry":{"type":"Polygon","coordinates":[[[55.145112,25.214993],[55.144542,25.214586],[55.144135,25.214545],[55.143972,25.214626],[55.143728,25.215318],[55.143728,25.216132],[55.144135,25.216579],[55.144705,25.216661],[55.145274,25.216539],[55.145356,25.215888],[55.145274,25.215399],[55.145112,25.214993]]]}},{"type":"Feature","properties":{},"geometry":{"type":"Polygon","coordinates":[[[55.152843,25.215888],[55.152761,25.215522],[55.152354,25.21544],[55.151622,25.216295],[55.150971,25.216579],[55.150971,25.217271],[55.151622,25.217312],[55.152436,25.216661],[55.152843,25.215888]]]}},{"type":"Feature","properties":{},"geometry":{"type":"Polygon","coordinates":[[[55.156423,25.216254],[55.156423,25.215644],[55.156342,25.215318],[55.155854,25.215318],[55.155203,25.215888],[55.154714,25.216864],[55.155203,25.217312],[55.155772,25.217231],[55.156423,25.216254]]]}},{"type":"Feature","properties":{},"geometry":{"type":"Polygon","coordinates":[[[55.182628,25.216661],[55.182465,25.216132],[55.18214,25.216132],[55.180756,25.216132],[55.180186,25.216295],[55.180105,25.216946],[55.180675,25.217312],[55.182221,25.217312],[55.182628,25.216661]]]}},{"type":"Feature","properties":{},"geometry":{"type":"Polygon","coordinates":[[[55.149425,25.215766],[55.148367,25.215562],[55.147797,25.215766],[55.147878,25.216661],[55.148529,25.217271],[55.149832,25.217393],[55.14975,25.216579],[55.149425,25.215766]]]}},{"type":"Feature","properties":{},"geometry":{"type":"Polygon","coordinates":[[[55.17571,25.216295],[55.175059,25.216132],[55.174734,25.216132],[55.174571,25.216498],[55.174571,25.216946],[55.175304,25.217393],[55.175873,25.217393],[55.17628,25.217027],[55.17571,25.216295]]]}},{"type":"Feature","properties":{},"geometry":{"type":"Polygon","coordinates":[[[55.169363,25.216295],[55.1692,25.215766],[55.168224,25.215766],[55.167491,25.215806],[55.167003,25.216091],[55.167003,25.216579],[55.167166,25.217271],[55.168468,25.217434],[55.168956,25.217149],[55.169363,25.216295]]]}},{"type":"Feature","properties":{},"geometry":{"type":"Polygon","coordinates":[[[55.171072,25.215766],[55.170421,25.215033],[55.170014,25.216091],[55.169932,25.216864],[55.170095,25.217434],[55.170746,25.217271],[55.171072,25.216417],[55.171072,25.215766]]]}},{"type":"Feature","properties":{},"geometry":{"type":"Polygon","coordinates":[[[55.177419,25.216132],[55.176931,25.215684],[55.176524,25.215766],[55.176199,25.216295],[55.176931,25.217271],[55.177745,25.217434],[55.177908,25.216864],[55.177419,25.216132]]]}},{"type":"Feature","properties":{},"geometry":{"type":"Polygon","coordinates":[[[55.194916,25.199978],[55.194591,25.199327],[55.194102,25.199083],[55.193533,25.199327],[55.192719,25.200222],[55.192393,25.201931],[55.192393,25.203355],[55.193044,25.204495],[55.193451,25.205797],[55.193533,25.207261],[55.193858,25.208482],[55.196381,25.210557],[55.197683,25.211656],[55.198334,25.212633],[55.198578,25.213975],[55.199392,25.215969],[55.199148,25.216417],[55.198822,25.216091],[55.198497,25.215684],[55.197927,25.215847],[55.197927,25.216661],[55.198497,25.21776],[55.199392,25.217922],[55.199962,25.216946],[55.201427,25.216946],[55.20224,25.216742],[55.20281,25.216132],[55.202159,25.215766],[55.201101,25.215888],[55.200613,25.215033],[55.19988,25.214057],[55.199474,25.212022],[55.198253,25.210232],[55.195486,25.208726],[55.194916,25.207668],[55.194916,25.206407],[55.194102,25.204372],[55.193858,25.202379],[55.194184,25.200995],[55.194916,25.199978]]]}},{"type":"Feature","properties":{},"geometry":{"type":"Polygon","coordinates":[[[55.153901,25.217597],[55.153819,25.217149],[55.153656,25.216864],[55.153331,25.216783],[55.153005,25.217027],[55.15268,25.217475],[55.152924,25.217963],[55.153494,25.217963],[55.153901,25.217597]]]}},{"type":"Feature","properties":{},"geometry":{"type":"Polygon","coordinates":[[[55.165538,25.21662],[55.16505,25.21662],[55.163666,25.21719],[55.163097,25.217637],[55.163097,25.218207],[55.163748,25.218248],[55.165375,25.218166],[55.165782,25.217637],[55.165538,25.21662]]]}},{"type":"Feature","properties":{},"geometry":{"type":"Polygon","coordinates":[[[55.172537,25.217231],[55.171967,25.217231],[55.171723,25.217393],[55.171723,25.218248],[55.172211,25.218492],[55.172537,25.218044],[55.172537,25.217231]]]}},{"type":"Feature","properties":{},"geometry":{"type":"Polygon","coordinates":[[[55.146414,25.217515],[55.145844,25.217149],[55.145274,25.217434],[55.145274,25.218166],[55.1456,25.218573],[55.146332,25.218614],[55.147146,25.218573],[55.147146,25.217963],[55.146414,25.217515]]]}},{"type":"Feature","properties":{},"geometry":{"type":"Polygon","coordinates":[[[55.184581,25.217882],[55.184581,25.217108],[55.184174,25.217068],[55.183523,25.217271],[55.183116,25.217637],[55.183116,25.218329],[55.183767,25.218777],[55.184337,25.218533],[55.184581,25.217882]]]}},{"type":"Feature","properties":{},"geometry":{"type":"Polygon","coordinates":[[[55.18922,25.218329],[55.188894,25.218044],[55.187673,25.217922],[55.187022,25.218085],[55.187022,25.218736],[55.187592,25.219062],[55.18922,25.218899],[55.18922,25.218329]]]}},{"type":"Feature","properties":{},"geometry":{"type":"Polygon","coordinates":[[[55.171235,25.218044],[55.170584,25.218044],[55.170095,25.218126],[55.170421,25.218777],[55.170909,25.219102],[55.171316,25.219102],[55.171641,25.218655],[55.171235,25.218044]]]}},{"type":"Feature","properties":{},"geometry":{"type":"Polygon","coordinates":[[[55.150564,25.218492],[55.149913,25.218248],[55.149425,25.218248],[55.148774,25.218655],[55.148936,25.219102],[55.149506,25.219428],[55.150401,25.219428],[55.150727,25.218899],[55.150564,25.218492]]]}},{"type":"Feature","properties":{},"geometry":{"type":"Polygon","coordinates":[[[55.168142,25.218573],[55.168061,25.2178],[55.167491,25.217678],[55.167084,25.217678],[55.167003,25.219184],[55.167491,25.219428],[55.168061,25.219184],[55.168142,25.218573]]]}},{"type":"Feature","properties":{},"geometry":{"type":"Polygon","coordinates":[[[55.139903,25.219468],[55.141449,25.219184],[55.141775,25.218736],[55.141287,25.218004],[55.140636,25.217271],[55.14088,25.215969],[55.140147,25.215481],[55.13974,25.214179],[55.140473,25.213446],[55.142589,25.212795],[55.143321,25.211982],[55.142833,25.211493],[55.141368,25.21129],[55.14088,25.210801],[55.141287,25.209662],[55.142426,25.208645],[55.1421,25.207587],[55.141124,25.206488],[55.141124,25.20543],[55.141694,25.20425],[55.142751,25.203233],[55.143728,25.203111],[55.144216,25.202501],[55.144379,25.201768],[55.145112,25.201646],[55.145193,25.20128],[55.14446,25.201036],[55.144135,25.201036],[55.144054,25.200466],[55.144135,25.199774],[55.143403,25.199205],[55.142833,25.198798],[55.142589,25.197903],[55.142751,25.19713],[55.142996,25.196763],[55.143403,25.196438],[55.143077,25.196072],[55.142263,25.196072],[55.141449,25.195868],[55.141287,25.195543],[55.141124,25.194932],[55.141287,25.194363],[55.141694,25.193752],[55.142589,25.193549],[55.14324,25.193671],[55.14446,25.194403],[55.145112,25.194566],[55.1456,25.193874],[55.145518,25.192735],[55.14446,25.192206],[55.14324,25.191962],[55.142263,25.192125],[55.141449,25.192125],[55.141124,25.191799],[55.140554,25.191636],[55.14031,25.191881],[55.139985,25.193101],[55.140147,25.193956],[55.139171,25.194485],[55.137706,25.194363],[55.137462,25.194892],[55.137625,25.19538],[55.139008,25.195217],[55.139171,25.195705],[55.138276,25.19595],[55.137543,25.196194],[55.137869,25.196641],[55.139089,25.196194],[55.139496,25.196234],[55.139822,25.196723],[55.139903,25.19831],[55.13974,25.198717],[55.138845,25.199123],[55.139008,25.2001],[55.139659,25.200181],[55.14031,25.199286],[55.141775,25.200344],[55.1421,25.200914],[55.142182,25.201565],[55.141287,25.202541],[55.140473,25.202704],[55.140229,25.202419],[55.140473,25.20185],[55.14088,25.201239],[55.140473,25.200954],[55.139496,25.201606],[55.139171,25.201402],[55.138682,25.20067],[55.137543,25.200832],[55.137869,25.201606],[55.138194,25.202663],[55.138194,25.204169],[55.138682,25.206326],[55.139089,25.207546],[55.138357,25.208645],[55.137706,25.209662],[55.137625,25.210476],[55.138276,25.211249],[55.138357,25.21247],[55.138031,25.213813],[55.137543,25.214789],[55.13795,25.215969],[55.138601,25.216864],[55.139089,25.2178],[55.139171,25.218817],[55.139171,25.219509],[55.139903,25.219468]]]}},{"type":"Feature","properties":{},"geometry":{"type":"Polygon","coordinates":[[[55.15211,25.218248],[55.151785,25.218166],[55.151622,25.21894],[55.152192,25.219509],[55.152843,25.219509],[55.153168,25.219143],[55.153005,25.218817],[55.15211,25.218248]]]}},{"type":"Feature","properties":{},"geometry":{"type":"Polygon","coordinates":[[[55.157156,25.218573],[55.156586,25.218004],[55.155854,25.218004],[55.15504,25.218411],[55.154389,25.218817],[55.154389,25.21955],[55.155854,25.219997],[55.156342,25.219631],[55.157156,25.218573]]]}},{"type":"Feature","properties":{},"geometry":{"type":"Polygon","coordinates":[[[55.190684,25.218817],[55.190115,25.218492],[55.189708,25.218736],[55.189545,25.219468],[55.189871,25.219997],[55.190929,25.219997],[55.190929,25.219428],[55.190684,25.218817]]]}},{"type":"Feature","properties":{},"geometry":{"type":"Polygon","coordinates":[[[55.179861,25.219143],[55.179373,25.219021],[55.179047,25.219021],[55.178803,25.219102],[55.178803,25.21955],[55.179291,25.220201],[55.179698,25.219997],[55.180105,25.219753],[55.179861,25.219143]]]}},{"type":"Feature","properties":{},"geometry":{"type":"Polygon","coordinates":[[[55.169932,25.21898],[55.169281,25.218736],[55.168875,25.219062],[55.169444,25.219997],[55.170095,25.220242],[55.170421,25.219591],[55.169932,25.21898]]]}},{"type":"Feature","properties":{},"geometry":{"type":"Polygon","coordinates":[[[55.176768,25.219102],[55.175873,25.219021],[55.175629,25.219631],[55.175629,25.220323],[55.176524,25.220364],[55.176768,25.219875],[55.176768,25.219102]]]}},{"type":"Feature","properties":{},"geometry":{"type":"Polygon","coordinates":[[[55.18922,25.22012],[55.189464,25.219794],[55.18922,25.219753],[55.188975,25.219631],[55.188406,25.219631],[55.187999,25.219916],[55.187999,25.220364],[55.188406,25.220364],[55.18922,25.22012]]]}},{"type":"Feature","properties":{},"geometry":{"type":"Polygon","coordinates":[[[55.181977,25.219184],[55.181326,25.218899],[55.181082,25.21894],[55.180756,25.219102],[55.180756,25.219428],[55.181326,25.219713],[55.181814,25.220364],[55.182709,25.220445],[55.182791,25.219916],[55.182628,25.219509],[55.181977,25.219184]]]}},{"type":"Feature","properties":{},"geometry":{"type":"Polygon","coordinates":[[[55.178152,25.21898],[55.177664,25.218858],[55.177094,25.21898],[55.177257,25.219631],[55.177419,25.220242],[55.177908,25.220526],[55.178559,25.220486],[55.178722,25.219997],[55.178396,25.219631],[55.178152,25.21898]]]}},{"type":"Feature","properties":{},"geometry":{"type":"Polygon","coordinates":[[[55.174978,25.219631],[55.174653,25.219306],[55.174246,25.219631],[55.174327,25.220689],[55.174734,25.220811],[55.175141,25.220282],[55.174978,25.219631]]]}},{"type":"Feature","properties":{},"geometry":{"type":"Polygon","coordinates":[[[55.151622,25.219997],[55.151378,25.219631],[55.15089,25.219794],[55.150401,25.220079],[55.150157,25.220486],[55.150157,25.220933],[55.15089,25.220933],[55.151541,25.220567],[55.151622,25.219997]]]}},{"type":"Feature","properties":{},"geometry":{"type":"Polygon","coordinates":[[[55.147553,25.219997],[55.147146,25.219875],[55.146739,25.219875],[55.146332,25.220201],[55.146251,25.221055],[55.146739,25.221055],[55.147146,25.220689],[55.147553,25.219997]]]}},{"type":"Feature","properties":{},"geometry":{"type":"Polygon","coordinates":[[[55.167084,25.220486],[55.166921,25.219835],[55.166352,25.219631],[55.165863,25.219631],[55.165863,25.221422],[55.166352,25.221747],[55.167003,25.221422],[55.167084,25.220486]]]}},{"type":"Feature","properties":{},"geometry":{"type":"Polygon","coordinates":[[[55.195404,25.194648],[55.198253,25.197414],[55.199555,25.199042],[55.200531,25.2001],[55.202322,25.202948],[55.204763,25.206204],[55.205089,25.207913],[55.205251,25.209459],[55.205577,25.210761],[55.205984,25.211778],[55.208181,25.215644],[55.209076,25.217434],[55.209565,25.220526],[55.209565,25.221747],[55.20989,25.221706],[55.20989,25.220567],[55.209483,25.217393],[55.208669,25.215766],[55.206065,25.21133],[55.205577,25.209459],[55.205414,25.207913],[55.204926,25.205715],[55.202566,25.20246],[55.20102,25.199734],[55.198741,25.19713],[55.195404,25.194648]]]}},{"type":"Feature","properties":{},"geometry":{"type":"Polygon","coordinates":[[[55.145844,25.220486],[55.145193,25.220201],[55.144786,25.220526],[55.145112,25.22134],[55.145274,25.221829],[55.145844,25.221829],[55.146251,25.22134],[55.145844,25.220486]]]}},{"type":"Feature","properties":{},"geometry":{"type":"Polygon","coordinates":[[[55.149018,25.220852],[55.148692,25.220364],[55.148204,25.220364],[55.147797,25.220486],[55.147797,25.221462],[55.147878,25.222276],[55.148529,25.222276],[55.149018,25.221951],[55.149018,25.220852]]]}},{"type":"Feature","properties":{},"geometry":{"type":"Polygon","coordinates":[[[55.144379,25.220771],[55.143403,25.220649],[55.143077,25.221137],[55.143403,25.222317],[55.144216,25.222317],[55.144705,25.222195],[55.144705,25.221584],[55.144379,25.220771]]]}},{"type":"Feature","properties":{},"geometry":{"type":"Polygon","coordinates":[[[55.169688,25.2213],[55.16977,25.220852],[55.169607,25.220567],[55.169037,25.220567],[55.168224,25.221137],[55.167491,25.221666],[55.167654,25.222398],[55.168549,25.222398],[55.169688,25.2213]]]}},{"type":"Feature","properties":{},"geometry":{"type":"Polygon","coordinates":[[[55.17335,25.219509],[55.172455,25.220364],[55.172048,25.220486],[55.171397,25.220933],[55.171153,25.221544],[55.171316,25.222317],[55.172293,25.22248],[55.172455,25.222195],[55.172455,25.221829],[55.172537,25.221137],[55.173106,25.220852],[55.17392,25.220486],[55.17392,25.219753],[55.17335,25.219509]]]}},{"type":"Feature","properties":{},"geometry":{"type":"Polygon","coordinates":[[[55.177664,25.221462],[55.176768,25.221137],[55.176117,25.221422],[55.175955,25.222276],[55.176524,25.222602],[55.177338,25.222602],[55.177664,25.222073],[55.177664,25.221462]]]}},{"type":"Feature","properties":{},"geometry":{"type":"Polygon","coordinates":[[[55.175304,25.221747],[55.174734,25.221503],[55.174246,25.221584],[55.173839,25.221829],[55.173676,25.222398],[55.174571,25.222846],[55.174978,25.222846],[55.175385,25.222398],[55.175304,25.221747]]]}},{"type":"Feature","properties":{},"geometry":{"type":"Polygon","coordinates":[[[55.180512,25.220933],[55.180105,25.221259],[55.179698,25.22134],[55.179291,25.221462],[55.178966,25.221381],[55.178559,25.221584],[55.178233,25.221829],[55.178396,25.222561],[55.178722,25.222805],[55.179047,25.222805],[55.179373,25.222317],[55.179373,25.221747],[55.179861,25.221584],[55.179942,25.221747],[55.179942,25.222032],[55.179942,25.222602],[55.180431,25.222602],[55.180756,25.222398],[55.181,25.222154],[55.181163,25.222073],[55.181488,25.222154],[55.18157,25.222317],[55.181651,25.222683],[55.182221,25.222886],[55.182465,25.222846],[55.182628,25.222317],[55.182709,25.221503],[55.182465,25.221055],[55.18214,25.221096],[55.181488,25.221584],[55.181163,25.221503],[55.181,25.221137],[55.180512,25.220933]]]}},{"type":"Feature","properties":{},"geometry":{"type":"Polygon","coordinates":[[[55.154145,25.220486],[55.153494,25.220242],[55.152843,25.220486],[55.151296,25.221584],[55.150727,25.222073],[55.150971,25.222561],[55.151703,25.223009],[55.15211,25.222805],[55.153168,25.222195],[55.154389,25.221829],[55.155121,25.221462],[55.155284,25.221055],[55.154714,25.220893],[55.154145,25.220486]]]}},{"type":"Feature","properties":{},"geometry":{"type":"Polygon","coordinates":[[[55.171397,25.223375],[55.171316,25.22309],[55.170584,25.22309],[55.1692,25.223619],[55.168061,25.223619],[55.167654,25.223863],[55.167979,25.224311],[55.169932,25.224311],[55.170909,25.223944],[55.171397,25.223375]]]}},{"type":"Feature","properties":{},"geometry":{"type":"Polygon","coordinates":[[[55.150076,25.222317],[55.149425,25.222561],[55.148774,25.222968],[55.148285,25.223009],[55.147472,25.222683],[55.146739,25.222317],[55.145925,25.22248],[55.145681,25.222846],[55.146169,25.223253],[55.147797,25.223253],[55.148204,25.223619],[55.148692,25.224433],[55.149506,25.224392],[55.150727,25.224148],[55.151215,25.223538],[55.150483,25.222846],[55.150076,25.222317]]]}},{"type":"Feature","properties":{},"geometry":{"type":"Polygon","coordinates":[[[55.16391,25.22248],[55.163992,25.221747],[55.163585,25.221503],[55.162852,25.221462],[55.16212,25.222886],[55.162283,25.224189],[55.162852,25.224433],[55.163259,25.224148],[55.163259,25.223253],[55.16391,25.22248]]]}},{"type":"Feature","properties":{},"geometry":{"type":"Polygon","coordinates":[[[55.174001,25.223375],[55.173513,25.222846],[55.172862,25.222846],[55.172455,25.223253],[55.172781,25.224433],[55.173513,25.224433],[55.174001,25.223985],[55.174001,25.223375]]]}},{"type":"Feature","properties":{},"geometry":{"type":"Polygon","coordinates":[[[55.18808,25.222642],[55.187673,25.222642],[55.187348,25.223009],[55.187022,25.223456],[55.186941,25.223944],[55.187185,25.224392],[55.187511,25.224514],[55.18808,25.224148],[55.188162,25.223334],[55.18808,25.222642]]]}},{"type":"Feature","properties":{},"geometry":{"type":"Polygon","coordinates":[[[55.147878,25.224677],[55.147797,25.224066],[55.147472,25.223944],[55.146414,25.223944],[55.145925,25.224514],[55.146414,25.225124],[55.14739,25.225124],[55.147878,25.224677]]]}},{"type":"Feature","properties":{},"geometry":{"type":"Polygon","coordinates":[[[55.177664,25.223619],[55.176687,25.2237],[55.176443,25.224026],[55.176768,25.224433],[55.177419,25.224962],[55.177908,25.225002],[55.179291,25.225124],[55.179617,25.22488],[55.179698,25.224433],[55.179373,25.224026],[55.178477,25.223904],[55.177664,25.223619]]]}},{"type":"Feature","properties":{},"geometry":{"type":"Polygon","coordinates":[[[55.192393,25.224433],[55.192312,25.223904],[55.191987,25.223863],[55.191742,25.223863],[55.191254,25.223985],[55.190929,25.224595],[55.191417,25.225369],[55.191987,25.225531],[55.192393,25.225369],[55.192393,25.224433]]]}},{"type":"Feature","properties":{},"geometry":{"type":"Polygon","coordinates":[[[55.143728,25.224229],[55.143891,25.223944],[55.143403,25.223538],[55.14324,25.223415],[55.142833,25.223538],[55.142589,25.224148],[55.142589,25.225002],[55.143077,25.225816],[55.144135,25.225857],[55.144542,25.225735],[55.144542,25.225369],[55.144054,25.225328],[55.143647,25.225328],[55.143565,25.225084],[55.143728,25.22484],[55.143728,25.224229]]]}},{"type":"Feature","properties":{},"geometry":{"type":"Polygon","coordinates":[[[55.17571,25.224392],[55.174734,25.224311],[55.174571,25.22488],[55.174734,25.225653],[55.175466,25.225938],[55.176117,25.225938],[55.17628,25.225531],[55.176117,25.224962],[55.17571,25.224392]]]}},{"type":"Feature","properties":{},"geometry":{"type":"Polygon","coordinates":[[[55.186697,25.222317],[55.186127,25.22248],[55.185395,25.222683],[55.184906,25.223131],[55.184093,25.223497],[55.183523,25.223578],[55.183116,25.22488],[55.182709,25.225572],[55.183035,25.225938],[55.18336,25.225938],[55.183523,25.225491],[55.183849,25.224677],[55.184255,25.224392],[55.184988,25.224107],[55.186209,25.223578],[55.186615,25.222968],[55.186697,25.222317]]]}},{"type":"Feature","properties":{},"geometry":{"type":"Polygon","coordinates":[[[55.181977,25.223985],[55.181,25.224107],[55.180512,25.224595],[55.180431,25.225369],[55.180675,25.226101],[55.181488,25.226142],[55.182221,25.225491],[55.182302,25.224677],[55.181977,25.223985]]]}},{"type":"Feature","properties":{},"geometry":{"type":"Polygon","coordinates":[[[55.18865,25.225246],[55.188324,25.225857],[55.18865,25.226182],[55.189301,25.226182],[55.190033,25.226182],[55.190603,25.225531],[55.189952,25.225084],[55.18865,25.225246]]]}},{"type":"Feature","properties":{},"geometry":{"type":"Polygon","coordinates":[[[55.186046,25.22488],[55.185883,25.224189],[55.185313,25.224311],[55.184581,25.224921],[55.184337,25.225206],[55.184906,25.225857],[55.185395,25.226304],[55.185883,25.226223],[55.185883,25.225816],[55.186046,25.22488]]]}},{"type":"Feature","properties":{},"geometry":{"type":"Polygon","coordinates":[[[55.171967,25.225084],[55.171723,25.224677],[55.171235,25.224555],[55.170258,25.22488],[55.169444,25.225653],[55.169688,25.226508],[55.170584,25.226467],[55.171641,25.225898],[55.171967,25.225084]]]}},{"type":"Feature","properties":{},"geometry":{"type":"Polygon","coordinates":[[[55.196625,25.223985],[55.196788,25.223578],[55.196951,25.223334],[55.197195,25.222968],[55.196869,25.222561],[55.196056,25.222886],[55.194672,25.222805],[55.194672,25.223456],[55.195404,25.224555],[55.195404,25.226142],[55.19573,25.226711],[55.1963,25.22663],[55.1963,25.226101],[55.196625,25.226142],[55.196869,25.226304],[55.197276,25.226304],[55.197439,25.225938],[55.197113,25.225287],[55.196625,25.223985]]]}},{"type":"Feature","properties":{},"geometry":{"type":"Polygon","coordinates":[[[55.165782,25.226833],[55.165782,25.226467],[55.165457,25.226304],[55.164561,25.226304],[55.164317,25.226711],[55.164561,25.226996],[55.165457,25.227078],[55.165782,25.226833]]]}},{"type":"Feature","properties":{},"geometry":{"type":"Polygon","coordinates":[[[55.148774,25.225857],[55.148123,25.225857],[55.147634,25.225938],[55.147472,25.226589],[55.14796,25.227078],[55.148692,25.2272],[55.149343,25.227078],[55.149506,25.226386],[55.148774,25.225857]]]}},{"type":"Feature","properties":{},"geometry":{"type":"Polygon","coordinates":[[[55.166921,25.223944],[55.166921,25.223456],[55.166921,25.223009],[55.16684,25.222602],[55.166352,25.222276],[55.165945,25.222195],[55.165538,25.222317],[55.164887,25.223253],[55.164724,25.223985],[55.16505,25.22484],[55.165538,25.22545],[55.165945,25.225735],[55.16627,25.226304],[55.16627,25.226793],[55.166515,25.227159],[55.166921,25.227281],[55.167491,25.22724],[55.168142,25.227078],[55.16863,25.226671],[55.168549,25.22606],[55.168224,25.225572],[55.16741,25.225246],[55.167084,25.224677],[55.166921,25.223944]]]}},{"type":"Feature","properties":{},"geometry":{"type":"Polygon","coordinates":[[[55.178722,25.226508],[55.178233,25.226101],[55.177664,25.226223],[55.177013,25.226671],[55.177094,25.227647],[55.177664,25.227688],[55.178477,25.227525],[55.178722,25.226508]]]}},{"type":"Feature","properties":{},"geometry":{"type":"Polygon","coordinates":[[[55.188324,25.226996],[55.187999,25.227444],[55.188162,25.227688],[55.18865,25.227688],[55.189626,25.227688],[55.190033,25.227159],[55.189464,25.226874],[55.188324,25.226996]]]}},{"type":"Feature","properties":{},"geometry":{"type":"Polygon","coordinates":[[[55.162934,25.226671],[55.162446,25.226182],[55.161713,25.226223],[55.161632,25.227281],[55.16212,25.227851],[55.163097,25.227769],[55.162934,25.226671]]]}},{"type":"Feature","properties":{},"geometry":{"type":"Polygon","coordinates":[[[55.174001,25.226223],[55.173839,25.225735],[55.173432,25.225735],[55.173025,25.226142],[55.172455,25.226833],[55.172048,25.227078],[55.171641,25.227362],[55.171723,25.227769],[55.172293,25.227932],[55.172537,25.227851],[55.172862,25.22724],[55.17335,25.226996],[55.17392,25.22663],[55.174001,25.226223]]]}},{"type":"Feature","properties":{},"geometry":{"type":"Polygon","coordinates":[[[55.180756,25.226874],[55.179942,25.226671],[55.179535,25.226955],[55.179535,25.227729],[55.179617,25.228258],[55.180349,25.228258],[55.180756,25.227729],[55.180756,25.226874]]]}},{"type":"Feature","properties":{},"geometry":{"type":"Polygon","coordinates":[[[55.175466,25.226833],[55.174653,25.226671],[55.17449,25.226793],[55.17449,25.228298],[55.175141,25.228502],[55.175629,25.227932],[55.175466,25.226833]]]}},{"type":"Feature","properties":{},"geometry":{"type":"Polygon","coordinates":[[[55.184093,25.227078],[55.183197,25.227037],[55.182465,25.226874],[55.181814,25.226996],[55.181814,25.227566],[55.182221,25.228258],[55.18336,25.228705],[55.18393,25.228624],[55.184255,25.227769],[55.184093,25.227078]]]}},{"type":"Feature","properties":{},"geometry":{"type":"Polygon","coordinates":[[[55.186534,25.227973],[55.185476,25.227769],[55.185069,25.228176],[55.185069,25.228542],[55.186127,25.228909],[55.187185,25.228909],[55.187592,25.228868],[55.187755,25.22842],[55.187592,25.227973],[55.186534,25.227973]]]}},{"type":"Feature","properties":{},"geometry":{"type":"Polygon","coordinates":[[[55.171153,25.228624],[55.170828,25.228258],[55.169932,25.228013],[55.169363,25.228258],[55.168875,25.228787],[55.168956,25.229478],[55.169688,25.229722],[55.170258,25.229478],[55.171153,25.228624]]]}},{"type":"Feature","properties":{},"geometry":{"type":"Polygon","coordinates":[[[55.181488,25.22899],[55.181488,25.228705],[55.180431,25.228787],[55.179942,25.229478],[55.180105,25.229885],[55.180837,25.229967],[55.181488,25.229682],[55.181488,25.22899]]]}},{"type":"Feature","properties":{},"geometry":{"type":"Polygon","coordinates":[[[55.200206,25.222764],[55.19988,25.221991],[55.199474,25.2213],[55.198904,25.22134],[55.198578,25.221584],[55.19809,25.221666],[55.197683,25.221584],[55.197683,25.221829],[55.197765,25.221951],[55.198497,25.22309],[55.198578,25.224718],[55.198741,25.225653],[55.19988,25.225653],[55.200043,25.226142],[55.199962,25.227078],[55.198904,25.227362],[55.196951,25.227769],[55.195974,25.227525],[55.194998,25.227607],[55.195323,25.227851],[55.19573,25.228502],[55.195323,25.228705],[55.194509,25.228746],[55.194835,25.229153],[55.195811,25.229356],[55.196544,25.230048],[55.197358,25.230007],[55.197358,25.229071],[55.197927,25.228949],[55.198497,25.229315],[55.199067,25.229315],[55.199555,25.228827],[55.199962,25.228339],[55.200613,25.227851],[55.201101,25.227688],[55.201752,25.227729],[55.202322,25.228095],[55.203054,25.228624],[55.203461,25.228624],[55.203705,25.228542],[55.204031,25.228095],[55.204845,25.227973],[55.206147,25.227973],[55.206798,25.227851],[55.206798,25.226874],[55.206147,25.226223],[55.205007,25.225857],[55.204763,25.22602],[55.204845,25.226304],[55.205658,25.22663],[55.206147,25.226955],[55.206065,25.227444],[55.205577,25.227444],[55.204845,25.22724],[55.203705,25.226467],[55.202485,25.225938],[55.201508,25.225735],[55.200206,25.226223],[55.200206,25.225287],[55.200206,25.223741],[55.200206,25.222764]]]}},{"type":"Feature","properties":{},"geometry":{"type":"Polygon","coordinates":[[[55.17392,25.229071],[55.172781,25.228583],[55.172048,25.228787],[55.172048,25.229478],[55.172781,25.230251],[55.173513,25.230414],[55.174246,25.230414],[55.174327,25.229804],[55.17392,25.229071]]]}},{"type":"Feature","properties":{},"geometry":{"type":"Polygon","coordinates":[[[55.187755,25.229844],[55.187348,25.22956],[55.186127,25.229844],[55.186046,25.230089],[55.186046,25.230821],[55.18686,25.230862],[55.187592,25.230862],[55.187755,25.229844]]]}},{"type":"Feature","properties":{},"geometry":{"type":"Polygon","coordinates":[[[55.177664,25.229478],[55.176524,25.229315],[55.176199,25.229519],[55.17628,25.230333],[55.176931,25.230821],[55.177582,25.230821],[55.178152,25.231024],[55.178477,25.230496],[55.178152,25.229967],[55.177664,25.229478]]]}},{"type":"Feature","properties":{},"geometry":{"type":"Polygon","coordinates":[[[55.184906,25.229885],[55.183604,25.229682],[55.18336,25.229844],[55.183116,25.230333],[55.183116,25.231106],[55.183849,25.231391],[55.184662,25.231391],[55.185313,25.231228],[55.185069,25.230577],[55.184906,25.229885]]]}},{"type":"Feature","properties":{},"geometry":{"type":"Polygon","coordinates":[[[55.171967,25.230129],[55.171072,25.230007],[55.170421,25.230333],[55.170258,25.231024],[55.170909,25.231472],[55.171967,25.231391],[55.172374,25.23078],[55.171967,25.230129]]]}},{"type":"Feature","properties":{},"geometry":{"type":"Polygon","coordinates":[[[55.181,25.230577],[55.180431,25.230414],[55.179698,25.230292],[55.179373,25.230577],[55.179373,25.231024],[55.179698,25.23135],[55.180756,25.231391],[55.181814,25.231472],[55.182221,25.23135],[55.181977,25.230862],[55.181,25.230577]]]}},{"type":"Feature","properties":{},"geometry":{"type":"Polygon","coordinates":[[[55.190359,25.229519],[55.189708,25.229641],[55.189138,25.229885],[55.188813,25.230536],[55.188813,25.231106],[55.188975,25.231635],[55.189626,25.231635],[55.190278,25.231106],[55.19044,25.230211],[55.190359,25.229519]]]}},{"type":"Feature","properties":{},"geometry":{"type":"Polygon","coordinates":[[[55.168061,25.228502],[55.167328,25.228095],[55.16627,25.228095],[55.165945,25.228705],[55.166352,25.230211],[55.167003,25.231431],[55.167328,25.231716],[55.168875,25.231757],[55.169363,25.231676],[55.169607,25.231472],[55.169363,25.230577],[55.16863,25.230089],[55.168224,25.229478],[55.168061,25.228502]]]}},{"type":"Feature","properties":{},"geometry":{"type":"Polygon","coordinates":[[[55.165457,25.23135],[55.165457,25.231106],[55.164806,25.231106],[55.164561,25.231187],[55.16391,25.231594],[55.16391,25.23192],[55.164073,25.232164],[55.164724,25.232164],[55.165457,25.231757],[55.165457,25.23135]]]}},{"type":"Feature","properties":{},"geometry":{"type":"Polygon","coordinates":[[[55.188324,25.231676],[55.187266,25.231757],[55.186453,25.23192],[55.186534,25.232367],[55.187511,25.232489],[55.188406,25.232286],[55.188324,25.231676]]]}},{"type":"Feature","properties":{},"geometry":{"type":"Polygon","coordinates":[[[55.175466,25.231391],[55.174978,25.231106],[55.174164,25.231594],[55.173188,25.231757],[55.172374,25.232164],[55.172455,25.232774],[55.173025,25.23253],[55.174001,25.232367],[55.174571,25.232367],[55.175304,25.232408],[55.175629,25.232164],[55.175466,25.231391]]]}},{"type":"Feature","properties":{},"geometry":{"type":"Polygon","coordinates":[[[55.190684,25.232042],[55.189545,25.232245],[55.189138,25.232367],[55.189138,25.232774],[55.189464,25.233018],[55.190684,25.232856],[55.190929,25.232408],[55.190684,25.232042]]]}},{"type":"Feature","properties":{},"geometry":{"type":"Polygon","coordinates":[[[55.193696,25.229397],[55.193451,25.228909],[55.193044,25.228909],[55.192556,25.22899],[55.192068,25.229315],[55.191987,25.230251],[55.192231,25.230821],[55.192719,25.231391],[55.193451,25.231838],[55.194591,25.231879],[55.19573,25.232245],[55.196056,25.23253],[55.195974,25.23314],[55.194916,25.23314],[55.193777,25.232611],[55.193207,25.232652],[55.193777,25.233222],[55.194916,25.233588],[55.198741,25.233669],[55.199474,25.23314],[55.200531,25.232774],[55.202159,25.232774],[55.20338,25.232245],[55.2046,25.23135],[55.205251,25.230618],[55.205333,25.22956],[55.205251,25.229071],[55.204763,25.229071],[55.203624,25.229926],[55.201752,25.230902],[55.201101,25.230821],[55.19809,25.230333],[55.197276,25.232164],[55.197276,25.232774],[55.196951,25.232896],[55.196625,25.232408],[55.19573,25.231391],[55.194835,25.231187],[55.19337,25.231187],[55.192882,25.23078],[55.193533,25.229885],[55.193696,25.229397]]]}},{"type":"Feature","properties":{},"geometry":{"type":"Polygon","coordinates":[[[55.188731,25.23314],[55.187185,25.233181],[55.186534,25.233344],[55.186534,25.23371],[55.188487,25.23371],[55.188731,25.23314]]]}},{"type":"Feature","properties":{},"geometry":{"type":"Polygon","coordinates":[[[55.182628,25.232774],[55.182384,25.232408],[55.181895,25.232367],[55.181488,25.23253],[55.18157,25.2331],[55.181895,25.233873],[55.182302,25.233873],[55.182628,25.233588],[55.182628,25.232774]]]}},{"type":"Feature","properties":{},"geometry":{"type":"Polygon","coordinates":[[[55.191091,25.233669],[55.190359,25.233954],[55.190115,25.234158],[55.190359,25.234565],[55.19158,25.234605],[55.191824,25.234076],[55.19158,25.233669],[55.191091,25.233669]]]}},{"type":"Feature","properties":{},"geometry":{"type":"Polygon","coordinates":[[[55.176606,25.234076],[55.177013,25.233588],[55.178152,25.23314],[55.178884,25.233181],[55.179535,25.233222],[55.179861,25.233751],[55.180756,25.235012],[55.181163,25.234768],[55.181244,25.234036],[55.180512,25.232856],[55.179047,25.232164],[55.178071,25.232327],[55.175955,25.233303],[55.174734,25.233873],[55.173106,25.234239],[55.172862,25.234442],[55.173188,25.235093],[55.174164,25.235012],[55.174734,25.234483],[55.175141,25.23428],[55.176117,25.234361],[55.176606,25.234076]]]}},{"type":"Feature","properties":{},"geometry":{"type":"Polygon","coordinates":[[[55.171641,25.23371],[55.170909,25.232978],[55.170502,25.232978],[55.170421,25.233222],[55.170421,25.234605],[55.170502,25.235053],[55.170584,25.235256],[55.171072,25.235256],[55.17156,25.234931],[55.171723,25.23428],[55.171641,25.23371]]]}},{"type":"Feature","properties":{},"geometry":{"type":"Polygon","coordinates":[[[55.185232,25.233181],[55.184906,25.232611],[55.184418,25.232611],[55.183767,25.232774],[55.18336,25.233791],[55.18336,25.234565],[55.18336,25.235093],[55.18393,25.235419],[55.184662,25.235093],[55.185232,25.234239],[55.185232,25.233181]]]}},{"type":"Feature","properties":{},"geometry":{"type":"Polygon","coordinates":[[[55.207367,25.231024],[55.207286,25.230455],[55.206716,25.230577],[55.206065,25.231187],[55.205658,25.23196],[55.205414,25.233181],[55.204845,25.234117],[55.203868,25.234727],[55.202973,25.235093],[55.201508,25.235012],[55.199636,25.234849],[55.199148,25.234646],[55.198497,25.23432],[55.198334,25.234605],[55.198741,25.235012],[55.199962,25.235297],[55.20224,25.235622],[55.203298,25.235622],[55.204519,25.235012],[55.205333,25.234931],[55.206147,25.233588],[55.206147,25.23253],[55.206716,25.232082],[55.207367,25.231024]]]}},{"type":"Feature","properties":{},"geometry":{"type":"Polygon","coordinates":[[[55.179942,25.235012],[55.179047,25.234687],[55.178559,25.234687],[55.178233,25.234849],[55.178233,25.23546],[55.178722,25.235745],[55.179373,25.236192],[55.180105,25.235704],[55.179942,25.235012]]]}},{"type":"Feature","properties":{},"geometry":{"type":"Polygon","coordinates":[[[55.16977,25.23371],[55.169688,25.233303],[55.169607,25.232896],[55.169281,25.232733],[55.168549,25.232611],[55.167979,25.232774],[55.167817,25.233181],[55.167817,25.233751],[55.167817,25.234361],[55.168061,25.235867],[55.1692,25.236314],[55.169688,25.236233],[55.16977,25.235826],[55.169932,25.235175],[55.16977,25.23371]]]}},{"type":"Feature","properties":{},"geometry":{"type":"Polygon","coordinates":[[[55.163585,25.234158],[55.163666,25.232978],[55.163422,25.23253],[55.16269,25.23253],[55.162446,25.233954],[55.162771,25.235867],[55.163259,25.236477],[55.163748,25.236111],[55.16391,25.2355],[55.163585,25.23489],[55.163585,25.234158]]]}},{"type":"Feature","properties":{},"geometry":{"type":"Polygon","coordinates":[[[55.186941,25.235419],[55.186209,25.235093],[55.18572,25.23546],[55.185313,25.235907],[55.185313,25.236558],[55.186046,25.236762],[55.186615,25.236274],[55.186941,25.235419]]]}},{"type":"Feature","properties":{},"geometry":{"type":"Polygon","coordinates":[[[55.182709,25.235785],[55.18157,25.235907],[55.18157,25.236558],[55.182465,25.236843],[55.183523,25.236925],[55.184093,25.236843],[55.183849,25.236477],[55.182709,25.235785]]]}},{"type":"Feature","properties":{},"geometry":{"type":"Polygon","coordinates":[[[55.176768,25.236802],[55.176687,25.236355],[55.175955,25.236029],[55.175385,25.23607],[55.175059,25.236477],[55.175141,25.237291],[55.175792,25.23786],[55.176199,25.237901],[55.176931,25.237901],[55.177013,25.237209],[55.176768,25.236802]]]}},{"type":"Feature","properties":{},"geometry":{"type":"Polygon","coordinates":[[[55.179698,25.237128],[55.179535,25.236802],[55.178803,25.236843],[55.178396,25.236843],[55.177908,25.237087],[55.177908,25.23786],[55.178233,25.238105],[55.178803,25.238105],[55.179373,25.237616],[55.179698,25.237128]]]}},{"type":"Feature","properties":{},"geometry":{"type":"Polygon","coordinates":[[[55.174164,25.236843],[55.173513,25.23668],[55.173106,25.23664],[55.172455,25.236802],[55.171967,25.237047],[55.171886,25.237616],[55.172293,25.238064],[55.173106,25.238145],[55.173676,25.238308],[55.174164,25.238105],[55.174571,25.237698],[55.174571,25.237209],[55.174164,25.236843]]]}},{"type":"Feature","properties":{},"geometry":{"type":"Polygon","coordinates":[[[55.170014,25.237779],[55.16977,25.237413],[55.169281,25.237331],[55.168549,25.237535],[55.168305,25.237942],[55.16863,25.238349],[55.169607,25.238349],[55.170014,25.237779]]]}},{"type":"Feature","properties":{},"geometry":{"type":"Polygon","coordinates":[[[55.175873,25.238674],[55.175629,25.238389],[55.174978,25.238389],[55.17449,25.238918],[55.174571,25.239407],[55.175385,25.239488],[55.175955,25.239325],[55.175873,25.238674]]]}},{"type":"Feature","properties":{},"geometry":{"type":"Polygon","coordinates":[[[55.180756,25.238959],[55.180512,25.238756],[55.180105,25.238756],[55.179617,25.238756],[55.179047,25.239244],[55.179291,25.239732],[55.179698,25.239773],[55.180512,25.239447],[55.180756,25.238959]]]}},{"type":"Feature","properties":{},"geometry":{"type":"Polygon","coordinates":[[[55.186127,25.238349],[55.186046,25.237942],[55.185557,25.237942],[55.185313,25.23786],[55.184988,25.23843],[55.184581,25.238756],[55.183849,25.238593],[55.183523,25.238105],[55.182221,25.237779],[55.181163,25.237738],[55.180837,25.238105],[55.181082,25.238674],[55.181977,25.238878],[55.183523,25.23904],[55.183767,25.239488],[55.183767,25.239895],[55.184255,25.24022],[55.184744,25.24022],[55.185557,25.239081],[55.186127,25.238349]]]}},{"type":"Feature","properties":{},"geometry":{"type":"Polygon","coordinates":[[[55.178559,25.239407],[55.178152,25.239407],[55.177582,25.239529],[55.176687,25.239773],[55.176768,25.24018],[55.177257,25.240424],[55.177908,25.24022],[55.178559,25.239814],[55.178559,25.239407]]]}},{"type":"Feature","properties":{},"geometry":{"type":"Polygon","coordinates":[[[55.190278,25.238389],[55.190115,25.237942],[55.189871,25.237616],[55.189301,25.237291],[55.188894,25.237454],[55.188894,25.238023],[55.188813,25.239407],[55.188406,25.239732],[55.188324,25.240343],[55.18865,25.240587],[55.189138,25.240505],[55.189708,25.239773],[55.190278,25.239285],[55.190278,25.238389]]]}},{"type":"Feature","properties":{},"geometry":{"type":"Polygon","coordinates":[[[55.167084,25.238105],[55.166189,25.237494],[55.164561,25.237616],[55.164317,25.238593],[55.164399,25.240302],[55.165131,25.240668],[55.166921,25.24022],[55.167328,25.239488],[55.167328,25.238756],[55.167084,25.238105]]]}},{"type":"Feature","properties":{},"geometry":{"type":"Polygon","coordinates":[[[55.181326,25.240505],[55.181163,25.240017],[55.180756,25.24018],[55.180105,25.240302],[55.179861,25.240668],[55.179861,25.241034],[55.180186,25.241197],[55.180837,25.241034],[55.181326,25.240505]]]}},{"type":"Feature","properties":{},"geometry":{"type":"Polygon","coordinates":[[[55.187185,25.240383],[55.186534,25.240424],[55.186046,25.241116],[55.185313,25.241441],[55.184906,25.241645],[55.185069,25.241929],[55.185476,25.242011],[55.186534,25.241604],[55.187348,25.240912],[55.187185,25.240383]]]}},{"type":"Feature","properties":{},"geometry":{"type":"Polygon","coordinates":[[[55.200206,25.238674],[55.199962,25.238349],[55.199229,25.238349],[55.197765,25.239814],[55.196544,25.241156],[55.195974,25.241604],[55.195974,25.242174],[55.196381,25.242336],[55.197276,25.242296],[55.198497,25.242255],[55.199474,25.242133],[55.200369,25.24136],[55.201101,25.240831],[55.201101,25.240302],[55.200613,25.24018],[55.200206,25.240505],[55.199392,25.241116],[55.198578,25.241034],[55.198497,25.240668],[55.198578,25.24018],[55.198822,25.239814],[55.199718,25.239081],[55.200206,25.238674]]]}},{"type":"Feature","properties":{},"geometry":{"type":"Polygon","coordinates":[[[55.169444,25.241156],[55.169363,25.240587],[55.168549,25.240587],[55.167735,25.240871],[55.166921,25.241523],[55.16684,25.242336],[55.167491,25.242499],[55.168305,25.242133],[55.169444,25.241156]]]}},{"type":"Feature","properties":{},"geometry":{"type":"Polygon","coordinates":[[[55.182384,25.241441],[55.182221,25.241156],[55.181814,25.241197],[55.181,25.241807],[55.181163,25.242499],[55.181651,25.242418],[55.182221,25.24197],[55.182384,25.241441]]]}},{"type":"Feature","properties":{},"geometry":{"type":"Polygon","coordinates":[[[55.170421,25.23904],[55.169688,25.238878],[55.169363,25.239081],[55.169363,25.239447],[55.169444,25.239854],[55.170177,25.24079],[55.170502,25.24136],[55.170828,25.241889],[55.171235,25.24258],[55.172211,25.242865],[55.172781,25.242499],[55.17392,25.241116],[55.174246,25.240668],[55.174164,25.240302],[55.173839,25.24018],[55.173432,25.240546],[55.172862,25.240668],[55.172374,25.240587],[55.171316,25.24018],[55.170746,25.239529],[55.170421,25.23904]]]}},{"type":"Feature","properties":{},"geometry":{"type":"Polygon","coordinates":[[[55.179291,25.242499],[55.17921,25.241767],[55.178722,25.241319],[55.177826,25.2414],[55.177338,25.241929],[55.177338,25.242499],[55.177664,25.242865],[55.178722,25.242987],[55.179047,25.242947],[55.179291,25.242499]]]}},{"type":"Feature","properties":{},"geometry":{"type":"Polygon","coordinates":[[[55.187673,25.242377],[55.187022,25.242133],[55.186371,25.242499],[55.186371,25.243069],[55.186941,25.243313],[55.187511,25.24315],[55.187673,25.242784],[55.187673,25.242377]]]}},{"type":"Feature","properties":{},"geometry":{"type":"Polygon","coordinates":[[[55.18336,25.242174],[55.182709,25.242743],[55.182709,25.243272],[55.183116,25.243883],[55.184744,25.243883],[55.184906,25.243272],[55.184662,25.242743],[55.184255,25.242255],[55.18336,25.242174]]]}},{"type":"Feature","properties":{},"geometry":{"type":"Polygon","coordinates":[[[55.176443,25.240709],[55.176199,25.240383],[55.17571,25.240546],[55.173839,25.242743],[55.173839,25.243232],[55.17449,25.243883],[55.175141,25.244534],[55.176443,25.244452],[55.177013,25.244045],[55.177013,25.243557],[55.176606,25.243191],[55.17571,25.242092],[55.175466,25.241726],[55.175792,25.2414],[55.176443,25.240709]]]}},{"type":"Feature","properties":{},"geometry":{"type":"Polygon","coordinates":[[[55.173513,25.243516],[55.172862,25.243801],[55.172862,25.244208],[55.173513,25.244615],[55.174246,25.244615],[55.17449,25.244208],[55.173513,25.243516]]]}},{"type":"Feature","properties":{},"geometry":{"type":"Polygon","coordinates":[[[55.179698,25.243272],[55.178722,25.243679],[55.178396,25.243883],[55.178233,25.244045],[55.178233,25.244371],[55.178233,25.244615],[55.178722,25.244818],[55.179698,25.244859],[55.180105,25.244778],[55.180186,25.244289],[55.180186,25.243638],[55.179698,25.243272]]]}},{"type":"Feature","properties":{},"geometry":{"type":"Polygon","coordinates":[[[55.186941,25.244086],[55.186615,25.24372],[55.186371,25.243638],[55.185883,25.243638],[55.185476,25.244045],[55.185313,25.244778],[55.185557,25.245266],[55.186209,25.245185],[55.186941,25.244696],[55.186941,25.244086]]]}},{"type":"Feature","properties":{},"geometry":{"type":"Polygon","coordinates":[[[55.140961,25.236802],[55.140798,25.236151],[55.139171,25.234076],[55.137625,25.231838],[55.136567,25.229885],[55.135997,25.228176],[55.135346,25.225613],[55.133962,25.222805],[55.132498,25.219428],[55.131765,25.215603],[55.131521,25.212877],[55.13087,25.209947],[55.129893,25.205715],[55.129405,25.202297],[55.130219,25.199083],[55.132091,25.194078],[55.1338,25.190701],[55.135997,25.187242],[55.137136,25.186062],[55.137706,25.185533],[55.137625,25.185045],[55.136892,25.185167],[55.135916,25.186103],[55.134532,25.187934],[55.131521,25.194078],[55.129405,25.199083],[55.128754,25.202623],[55.129161,25.205878],[55.130056,25.210191],[55.130951,25.213202],[55.131114,25.215888],[55.132091,25.219875],[55.133637,25.223049],[55.134939,25.225816],[55.135346,25.22842],[55.135916,25.230292],[55.136892,25.232367],[55.138764,25.234768],[55.14031,25.236721],[55.14031,25.236802],[55.14088,25.238593],[55.141694,25.241441],[55.142589,25.244249],[55.143728,25.245836],[55.144542,25.24669],[55.145356,25.247138],[55.146332,25.247667],[55.146739,25.247504],[55.146739,25.247056],[55.145925,25.246568],[55.14446,25.245917],[55.143647,25.244818],[55.142507,25.241848],[55.141775,25.240017],[55.141449,25.238349],[55.140961,25.236802]]]}},{"type":"Feature","properties":{},"geometry":{"type":"Polygon","coordinates":[[[55.209158,25.235622],[55.20989,25.232652],[55.210297,25.228909],[55.210134,25.226264],[55.209483,25.223619],[55.209321,25.223375],[55.209076,25.223375],[55.208832,25.223456],[55.208832,25.223741],[55.209809,25.227566],[55.20989,25.229397],[55.209402,25.232733],[55.208669,25.23546],[55.20753,25.238349],[55.206472,25.241197],[55.205414,25.243069],[55.203298,25.245225],[55.201101,25.246894],[55.198497,25.248765],[55.198253,25.249172],[55.198416,25.249254],[55.198741,25.249172],[55.201427,25.24726],[55.203624,25.245673],[55.205903,25.243272],[55.207042,25.24136],[55.208018,25.23843],[55.209158,25.235622]]]}},{"type":"Feature","properties":{},"geometry":{"type":"Polygon","coordinates":[[[54.211111,25.249416],[54.23113,25.243476],[54.239838,25.208645],[54.22698,25.214219],[54.214285,25.214219],[54.197927,25.232001],[54.211111,25.249416]]]}},{"type":"Feature","properties":{},"geometry":{"type":"Polygon","coordinates":[[[55.181814,25.245063],[55.181244,25.24494],[55.180837,25.245063],[55.180024,25.245632],[55.179291,25.24551],[55.178477,25.245063],[55.177582,25.245063],[55.176687,25.245347],[55.177094,25.246202],[55.178152,25.246812],[55.179535,25.247341],[55.181814,25.247911],[55.184418,25.249457],[55.185395,25.249457],[55.186453,25.249172],[55.18686,25.248643],[55.187185,25.248074],[55.187022,25.247667],[55.18336,25.245266],[55.182465,25.245673],[55.181651,25.246568],[55.181082,25.246568],[55.181,25.246202],[55.181814,25.245063]]]}},{"type":"Feature","properties":{},"geometry":{"type":"Polygon","coordinates":[[[55.175385,25.246365],[55.173513,25.245958],[55.172781,25.246121],[55.172374,25.246446],[55.173025,25.248033],[55.174246,25.250067],[55.175385,25.250312],[55.175792,25.250881],[55.176687,25.250922],[55.177908,25.250881],[55.178152,25.250067],[55.177013,25.249661],[55.176199,25.249172],[55.17571,25.248033],[55.175385,25.246365]]]}},{"type":"Feature","properties":{},"geometry":{"type":"Polygon","coordinates":[[[55.148123,25.242947],[55.147553,25.242947],[55.147553,25.24315],[55.147634,25.243354],[55.148123,25.243638],[55.150157,25.244615],[55.152924,25.24669],[55.155854,25.249254],[55.158051,25.251125],[55.16033,25.252712],[55.162364,25.253607],[55.166026,25.25495],[55.169281,25.256293],[55.172537,25.25731],[55.174653,25.257839],[55.176606,25.257961],[55.178233,25.257799],[55.181,25.257554],[55.184906,25.256741],[55.188813,25.25609],[55.19158,25.255357],[55.194347,25.254503],[55.197113,25.253404],[55.199555,25.252509],[55.201345,25.251939],[55.201508,25.251614],[55.201182,25.25137],[55.200694,25.251492],[55.199067,25.252061],[55.196056,25.253119],[55.191498,25.254869],[55.188813,25.25552],[55.185069,25.256171],[55.180756,25.256944],[55.178396,25.25731],[55.176687,25.257351],[55.174815,25.257229],[55.172862,25.256659],[55.169607,25.255642],[55.166596,25.254462],[55.16269,25.253079],[55.160411,25.252102],[55.158295,25.250678],[55.156098,25.248887],[55.153168,25.246202],[55.150483,25.244289],[55.148123,25.242947]]]}},{"type":"Feature","properties":{},"geometry":{"type":"Polygon","coordinates":[[[55.048676,25.885769],[55.049897,25.876085],[55.054373,25.86461],[55.046479,25.858385],[55.038259,25.857733],[55.032644,25.854641],[55.023041,25.86286],[55.018403,25.859605],[55.018972,25.865749],[55.015636,25.871853],[55.012055,25.881619],[55.026459,25.888739],[55.043712,25.89289],[55.048676,25.885769]]]}},{"type":"Feature","properties":{},"geometry":{"type":"Polygon","coordinates":[[[55.320323,26.278347],[55.32309,26.263251],[55.321218,26.256985],[55.322602,26.254055],[55.312999,26.248481],[55.302989,26.248318],[55.294932,26.25019],[55.290294,26.255154],[55.286388,26.265123],[55.289968,26.272935],[55.297455,26.276313],[55.3095,26.282986],[55.320323,26.278347]]]}}]}
